"source_file","window_index","aircraft_id","aircraft_name","start_time_s","end_time_s","duration_s","sample_count","altitude_start_m","altitude_end_m","altitude_delta_m","ground_speed_start_mps","ground_speed_end_mps","ground_speed_delta_mps","ground_speed_mean_mps","total_speed_mean_mps","vertical_speed_mean_mps","sink_rate_peak_mps","climb_rate_peak_mps","track_change_deg","track_rate_mean_abs_deg_s","track_rate_peak_abs_deg_s","roll_mean_abs_deg","roll_peak_abs_deg","pitch_mean_abs_deg","pitch_peak_abs_deg","acceleration_mean_mps2","acceleration_peak_abs_mps2","label","label_version"
"C:\Users\?seoijfowfn\Saved Games\DCS\Tracks\DCS-NotTacView\session.txt.acmi","1","16777472","A-10C","1200.001","1204.936","4.934999999999945","75","2000.034","2000.034","0.0","124.94343262648141","124.94399274009942","0.0005601136180075628","124.9435343450255","124.9435343450255","0.0","-0.0","0.0","0.0024453411037939077","0.005787240998082016","0.02013641872707612","0.00130168","0.001304","5.012298493333334","5.012564","9.346389060677151e-05","0.04979911244252182","steady","heuristic_ms2_v1"
"C:\Users\?seoijfowfn\Saved Games\DCS\Tracks\DCS-NotTacView\session.txt.acmi","2","16777472","A-10C","1201.001","1205.937","4.935999999999922","75","2000.034","2000.034","0.0","124.94311057286782","124.94318466107096","7.408820313514752e-05","124.9435904416536","124.9435904416536","0.0","-0.0","0.0","0.0027607203144270898","0.0058380504650004115","0.02013641872707612","0.0013006666666666666","0.001304","5.012190613333333","5.012456","-0.00020699744187820785","0.04979911244252182","steady","heuristic_ms2_v1"
"C:\Users\?seoijfowfn\Saved Games\DCS\Tracks\DCS-NotTacView\session.txt.acmi","3","16777472","A-10C","1202.002","1206.936","4.933999999999969","75","2000.034","1999.871","-0.16300000000001091","124.94352024727765","124.87590484345488","-0.06761540382277076","124.93989234590478","124.93995528158048","-0.03268538426749123","0.7313432835816843","0.0","-0.1596417686661198","0.0374747089327542","0.6390565170174475","0.7377427333333334","14.374685","4.907289186666667","5.012348","-0.012974146607999252","0.16526698914592852","steady","heuristic_ms2_v1"
"C:\Users\?seoijfowfn\Saved Games\DCS\Tracks\DCS-NotTacView\session.txt.acmi","4","16777472","A-10C","1203.003","1207.94","4.9370000000001255","75","2000.034","1996.988","-3.046000000000049","124.94220193174661","124.66754628845192","-0.27465564329469316","124.90527585853204","124.91332565754475","-0.6073091004205383","5.088235294118926","0.0","-1.6236262328460498","0.32761468955336326","1.952134187980119","7.24159224","41.145941","4.2773393466666665","5.01224","-0.03454671296108575","0.16526698914592852","steady","heuristic_ms2_v1"
"C:\Users\?seoijfowfn\Saved Games\DCS\Tracks\DCS-NotTacView\session.txt.acmi","5","16777472","A-10C","1204.004","1208.94","4.936000000000149","75","2000.034","1989.213","-10.82100000000014","124.94497737504757","124.40993517917629","-0.5350421958712843","124.82299260890129","124.88118562770264","-2.162097041968776","10.074626865669869","0.0","-3.9666084883203325","0.7950618077577448","3.1458467853648884","16.671882826666668","51.996441","3.33108208","5.012132","-0.025191107826003336","0.16526698914592852","steady","heuristic_ms2_v1"
"C:\Users\?seoijfowfn\Saved Games\DCS\Tracks\DCS-NotTacView\session.txt.acmi","6","16777472","A-10C","1205.005","1209.94","4.934999999999945","75","2000.034","1976.931","-23.103000000000065","124.94386026516231","124.17304979710867","-0.7708104680536394","124.69011072377621","124.87044049751225","-4.618657911008953","14.045454545446558","0.0","-7.615599864659941","1.523484059800873","4.687632480490901","27.498662773333333","55.91963","2.451496973333333","5.012024","0.004207456903357698","0.20791564370252355","steady","heuristic_ms2_v1"
"C:\Users\?seoijfowfn\Saved Games\DCS\Tracks\DCS-NotTacView\session.txt.acmi","7","16777472","A-10C","1206.003","1210.939","4.936000000000149","75","2000.034","1961.33","-38.70400000000018","124.94314538786578","123.99763488794072","-0.9455104999250636","124.51628065969662","124.89290325917229","-7.742133935520907","16.787878787873566","0.0","-12.512502470145762","2.502639110467306","5.76235396477437","38.90429262666667","57.626101","1.5752222","5.011917","0.037252593954444385","0.2204384306223044","steady","heuristic_ms2_v1"
"C:\Users\?seoijfowfn\Saved Games\DCS\Tracks\DCS-NotTacView\session.txt.acmi","8","16777472","A-10C","1207.003","1211.939","4.936000000000149","75","1999.808","1943.606","-56.202","124.86357977591749","123.86241548077638","-1.001164295141109","124.31578018231","124.94474707984416","-11.254496496771916","18.378787878778745","0.0","-18.291137045072617","3.6700964137111782","6.807232355905693","49.78443616","58.325151","0.7407517866666666","3.071787","0.06816293379883846","0.2204384306223044","descent","heuristic_ms2_v1"
"C:\Users\?seoijfowfn\Saved Games\DCS\Tracks\DCS-NotTacView\session.txt.acmi","9","16777472","A-10C","1208.007","1212.94","4.932999999999993","75","1996.624","1924.775","-71.84899999999993","124.6520665944753","123.73475986059645","-0.9173067338788456","124.12053964990795","125.02581138343186","-14.442399470630471","19.104477611937817","0.0","-23.528311829227334","4.7301227434884945","7.497439235382492","54.96629203999999","58.499716","0.3846984133333333","0.718299","0.08595158984115074","0.2204384306223044","descending_turn","heuristic_ms2_v1"
"C:\Users\?seoijfowfn\Saved Games\DCS\Tracks\DCS-NotTacView\session.txt.acmi","10","16777472","A-10C","1209.006","1213.939","4.932999999999993","75","1988.53","1905.553","-82.97699999999986","124.39199956285549","123.5393631982605","-0.8526363645949857","123.94426492193253","125.0970179715724","-16.735859732736838","19.30303030301955","0.0","-28.19177942811399","5.677718046998385","7.868810588187023","57.23776230666667","58.511622","0.39508694666666666","0.718299","0.04404984536471823","0.3558778585658119","descending_turn","heuristic_ms2_v1"
"C:\Users\?seoijfowfn\Saved Games\DCS\Tracks\DCS-NotTacView\session.txt.acmi","11","16777472","A-10C","1210.006","1214.94","4.933999999999969","75","1975.989","1886.299","-89.69000000000005","124.16177660352932","122.76577894476976","-1.3959976587595548","123.72515566700497","125.05430568471672","-18.126233299477246","19.30303030301955","0.0","-31.88591333631723","6.430188767323316","8.30385887308501","58.111350773333335","58.511622","0.39758346666666666","0.774423","-0.1432866587515521","1.2053093320652575","descending_turn","heuristic_ms2_v1"
"C:\Users\?seoijfowfn\Saved Games\DCS\Tracks\DCS-NotTacView\session.txt.acmi","12","16777472","A-10C","1211.006","1215.941","4.934999999999945","75","1960.195","1867.343","-92.85199999999986","123.98613439262206","121.38271750027548","-2.603416892346587","123.32361954160173","124.74851313618761","-18.790154582097998","19.30303030301955","0.0","-34.37713395624945","6.956038059493631","8.71214058069204","58.40192270666667","58.511622","0.46184508","1.118219","-0.46177154217487765","1.8136462071467503","descending_turn","heuristic_ms2_v1"
"C:\Users\?seoijfowfn\Saved Games\DCS\Tracks\DCS-NotTacView\session.txt.acmi","13","16777472","A-10C","1212.007","1216.94","4.932999999999993","75","1942.352","1848.838","-93.51400000000012","123.85339851534911","120.02418254255306","-3.8292159727960495","122.66811961602228","124.1233576154765","-18.949807742321784","19.30303030301955","0.0","-35.9334969603683","7.28313618611334","8.71214058069204","58.478298906666666","58.511622","0.6615924933333333","1.494199","-0.7613847808666274","1.8136462071467503","descending_turn","heuristic_ms2_v1"
"C:\Users\?seoijfowfn\Saved Games\DCS\Tracks\DCS-NotTacView\session.txt.acmi","14","16777472","A-10C","1213.006","1217.94","4.933999999999969","75","1923.513","1830.754","-92.75900000000001","123.72485737053115","118.99038648729076","-4.734470883240391","121.79636617449631","123.2395772448404","-18.80405907226119","19.30303030301955","0.0","-36.99766197687774","7.488941414107948","8.816936305370234","58.48333897333334","58.511622","0.9848842","1.884862","-0.9755989620575393","1.8136462071467503","descending_turn","heuristic_ms2_v1"
"C:\Users\?seoijfowfn\Saved Games\DCS\Tracks\DCS-NotTacView\session.txt.acmi","15","16777472","A-10C","1214.007","1218.94","4.932999999999993","75","1904.241","1813.117","-91.12400000000002","123.50424823696137","118.66443925130837","-4.839808985653008","120.81795803271324","122.22404138137487","-18.48310595192116","19.30303030301955","0.0","-37.73181985928278","7.658544478599055","8.96889915030693","58.47130777333333","58.510474","1.3370700133333335","2.282084","-1.0208321504678777","1.8136462071467503","descending_turn","heuristic_ms2_v1"
"C:\Users\?seoijfowfn\Saved Games\DCS\Tracks\DCS-NotTacView\session.txt.acmi","16","16777472","A-10C","1215.008","1219.94","4.932000000000016","75","1885.0","1796.009","-88.99099999999999","122.69672592740011","118.90320562518974","-3.793520302210368","119.9321968582549","121.28495420941373","-18.057576838357136","19.102941176474868","0.0","-38.335758562614615","7.766699060478854","9.024890087664023","58.180048506666665","58.491001","1.7027198000000001","2.535556","-0.8375707590723354","1.8136462071467503","descending_turn","heuristic_ms2_v1"
"C:\Users\?seoijfowfn\Saved Games\DCS\Tracks\DCS-NotTacView\session.txt.acmi","17","16777472","A-10C","1216.007","1220.942","4.934999999999945","75","1866.107","1781.116","-84.99099999999999","121.29527171826733","119.52229270875428","-1.772979009513051","119.36260645384665","120.60911302607637","-17.242612505783473","18.727272727265525","0.0","-36.02761459429394","7.301941083108577","9.024890087664023","53.59089397333333","58.473024","2.005736413333333","2.804443","-0.5250724559873219","1.6486075460432974","descending_turn","heuristic_ms2_v1"
"C:\Users\?seoijfowfn\Saved Games\DCS\Tracks\DCS-NotTacView\session.txt.acmi","18","16777472","A-10C","1217.006","1221.94","4.933999999999969","75","1847.631","1771.337","-76.2940000000001","119.94926658886396","119.73500009585196","-0.21426649301200484","119.17308965972741","120.21902954074729","-15.497691899709253","18.2878787878684","0.0","-29.517165116306785","6.013661361429177","9.024890087664023","43.458514040000004","58.459364","2.4986662666666666","4.65627","-0.2921250379603743","1.3403643529164346","descending_turn","heuristic_ms2_v1"
"C:\Users\?seoijfowfn\Saved Games\DCS\Tracks\DCS-NotTacView\session.txt.acmi","19","16777472","A-10C","1218.009","1222.941","4.932000000000016","75","1829.523","1766.43","-63.09299999999985","118.94727404298251","119.26682400201848","0.3195499590359674","119.19214439421735","119.98706697764842","-12.860778615792904","17.840579710155197","0.0","-20.617903042180274","4.678082223629968","9.024890087664023","33.823021026666666","58.451208","3.23990436","5.959571","-0.20392614497746234","0.85555072427554","descending_turn","heuristic_ms2_v1"
"C:\Users\?seoijfowfn\Saved Games\DCS\Tracks\DCS-NotTacView\session.txt.acmi","20","16777472","A-10C","1219.008","1223.94","4.932000000000016","75","1811.934","1764.856","-47.077999999999975","118.66534611407087","118.44955553055374","-0.21579058351713343","119.21062658331488","119.74760355098971","-9.64832816711403","17.39705882353349","0.0","-11.215093866880693","3.3885040357780127","9.024890087664023","24.89281588","58.451208","4.083832226666667","6.52694","-0.2974444553042699","1.0011346669808172","descent","heuristic_ms2_v1"
"C:\Users\?seoijfowfn\Saved Games\DCS\Tracks\DCS-NotTacView\session.txt.acmi","21","16777472","A-10C","1220.008","1224.94","4.932000000000016","75","1794.884","1765.252","-29.632000000000062","118.92906482411487","117.4569483384811","-1.4721164856337765","119.04633375492439","119.33837351666045","-6.147388210377785","16.544117647062805","0.9848484848488502","-2.335050254957764","1.9936459944504017","7.309212052748861","15.45985216","50.332501","4.910318173333334","6.603029","-0.520849274260277","1.1554672396352994","steady","heuristic_ms2_v1"
"C:\Users\?seoijfowfn\Saved Games\DCS\Tracks\DCS-NotTacView\session.txt.acmi","22","16777472","A-10C","1221.008","1225.94","4.932000000000016","75","1780.299","1766.598","-13.701000000000022","119.55804029982073","116.3939120585424","-3.164128241278334","118.58166900825461","118.68949435828692","-2.905677071587113","12.37878787878219","1.530303030300577","2.5975073910759647","0.9671148198894817","2.6514034371765836","9.28404096","18.90616","5.723621053333333","6.603029","-0.7591976222243446","1.1752457743486653","steady","heuristic_ms2_v1"
"C:\Users\?seoijfowfn\Saved Games\DCS\Tracks\DCS-NotTacView\session.txt.acmi","23","16777472","A-10C","1222.007","1226.94","4.932999999999993","75","1770.871","1768.069","-2.8020000000001346","119.72312949873097","115.33739865401486","-4.385730844716107","117.80837485861885","117.83588508583139","-0.6517660252963164","6.955223880594685","1.530303030300577","3.520312520246762","0.7299635489304755","1.7469699343086307","8.152744053333333","14.282403","6.2302466","6.603029","-0.922422314670637","1.2034733118638092","steady","heuristic_ms2_v1"
"C:\Users\?seoijfowfn\Saved Games\DCS\Tracks\DCS-NotTacView\session.txt.acmi","24","16777472","A-10C","1223.008","1227.942","4.933999999999969","75","1766.237","1769.162","2.9249999999999545","119.22263281554339","114.29271082858659","-4.929921986956799","116.86050284949711","116.8678200943786","0.5461694195957348","2.880597014924816","1.530303030300577","2.3411844409896503","0.5090136208710744","1.7469699343086307","6.296141826666667","14.282403","6.3577528","6.603029","-1.0028390277196673","1.3049094656279359","steady","heuristic_ms2_v1"
"C:\Users\?seoijfowfn\Saved Games\DCS\Tracks\DCS-NotTacView\session.txt.acmi","25","16777472","A-10C","1224.008","1228.944","4.935999999999922","75","1764.834","1769.679","4.845000000000027","118.39349859520046","112.87501266933313","-5.518485925867324","115.80725635437238","115.81228420635293","0.9642780615523852","0.3235294117638208","1.530303030300577","0.8721077079990209","0.21446678825257323","1.3179186384458992","3.62789116","12.354573","6.25852704","6.603029","-1.114953983619788","1.8592720246237875","steady","heuristic_ms2_v1"
"C:\Users\?seoijfowfn\Saved Games\DCS\Tracks\DCS-NotTacView\20260923T201230Z_231999.export.zip","1","1","FA-18C_hornet","0.0","4.992","4.992","40","3655.217","3642.045","-13.172000000000025","186.07114748441535","215.13622307060197","29.065075586186623","207.35067026433086","207.3753329838373","-2.562325372694824","5.289719626166389","0.21359223300907348","-0.00494441183809613","0.0011698549116399568","0.0034810407865651593","0.027139075000000002","0.038423","1.872557025","2.38963","6.2060635218341025","164.59094141992838","acceleration","heuristic_ms2_v1"
"C:\Users\?seoijfowfn\Saved Games\DCS\Tracks\DCS-NotTacView\20260923T201230Z_231999.export.zip","2","1","FA-18C_hornet","1.106","5.983","4.877","39","3651.404","3642.824","-8.579999999999927","204.23530800036437","219.34281477302153","15.10750677265716","210.50233528565025","210.52059992774795","-1.7852718658885225","5.289719626166389","1.2096774193555755","-0.005151172211924404","0.001170774539358816","0.0034810407865651593","0.033893846153846156","0.038423","2.303992717948718","2.441862","3.1114404021040674","6.048384740488692","acceleration","heuristic_ms2_v1"
"C:\Users\?seoijfowfn\Saved Games\DCS\Tracks\DCS-NotTacView\20260923T201230Z_231999.export.zip","3","1","FA-18C_hornet","2.106","6.897","4.791","38","3646.646","3644.348","-2.298000000000229","205.55197788557004","223.42321397739622","17.871236091826177","213.76845621651103","213.77599369410743","-0.502796875278865","4.018518518516132","1.9717514124302775","-0.0038947180747186394","0.0009813088219162457","0.0029440733037595034","0.034803","0.038423","2.3915673684210526","2.475785","3.827867970764745","6.262528122544063","acceleration","heuristic_ms2_v1"
"C:\Users\?seoijfowfn\Saved Games\DCS\Tracks\DCS-NotTacView\20260923T201230Z_231999.export.zip","4","1","FA-18C_hornet","3.068","7.942","4.8740000000000006","40","3643.742","3646.864","3.1219999999998436","208.15276475451017","228.6448674392153","20.492102684705117","217.82558087659655","217.83133874213428","0.612890458650527","2.2699999999986153","2.7155963302735944","-0.002881774471063636","0.0009514969037126323","0.002842438427946418","0.033349525000000005","0.037661","2.418280925","2.488986","4.306317794516052","6.399392701352227","acceleration","heuristic_ms2_v1"
"C:\Users\?seoijfowfn\Saved Games\DCS\Tracks\DCS-NotTacView\20260923T201230Z_231999.export.zip","5","1","FA-18C_hornet","4.026","8.989","4.963000000000001","41","3642.31","3650.025","7.7150000000001455","211.24433248494273","233.8175694659278","22.573236980985058","221.95686424821994","221.96504665792244","1.4840031819524275","0.966292134831604","3.2302158273386006","-0.0021967666958744303","0.0009105822107680695","0.002413646432733582","0.03192960975609756","0.034967","2.442362097560976","2.488986","4.60342534251107","6.399392701352227","acceleration","heuristic_ms2_v1"
"C:\Users\?seoijfowfn\Saved Games\DCS\Tracks\DCS-NotTacView\20260923T201230Z_231999.export.zip","6","1","FA-18C_hornet","5.106","9.936","4.83","39","3642.084","3656.313","14.22900000000027","215.5831343796349","237.04863649588114","21.465502116246228","226.48860148157837","226.51904487519258","2.7909881280389763","0.0","14.591240875914192","-0.012242884237252838","0.0028461647097014803","0.03550952719448041","0.03583546153846154","0.146532","3.219620435897436","13.901505","4.668982037861263","6.399392701352227","acceleration","heuristic_ms2_v1"
"C:\Users\?seoijfowfn\Saved Games\DCS\Tracks\DCS-NotTacView\20260923T201230Z_231999.export.zip","7","1","FA-18C_hornet","6.087","10.991","4.904","39","3642.961","3703.759","60.79800000000023","219.85552081623587","218.3821963673507","-1.4733244488851653","228.67841245384355","229.75414252017697","11.927156693738121","0.0","69.93388429752032","-0.15934336319685372","0.03213800018324914","0.24972522521599416","0.1536088717948718","1.02414","7.75825882051282","31.12802","2.1486364563080214","12.653045809278629","climb","heuristic_ms2_v1"
"C:\Users\?seoijfowfn\Saved Games\DCS\Tracks\DCS-NotTacView\20260923T201230Z_231999.export.zip","8","1","FA-18C_hornet","7.001","11.935","4.934","39","3644.564","3793.441","148.87699999999995","224.08782657323718","191.637810634851","-32.45001593838617","225.57830359309503","230.46513162726356","28.595884270373162","0.0","113.11304347825902","-0.5837846001084017","0.11490721655405768","0.8599155986629446","0.4937180256410256","2.647914","14.114921846153846","43.10417","-0.00848059035974429","12.653045809278629","climb","heuristic_ms2_v1"
"C:\Users\?seoijfowfn\Saved Games\DCS\Tracks\DCS-NotTacView\20260923T201230Z_231999.export.zip","9","1","FA-18C_hornet","8.064","12.979","4.914999999999999","38","3647.203","3933.75","286.547","229.2165854968825","154.12556399765705","-75.09102149922543","213.97302397726443","228.86671666481274","57.06797168203289","0.0","149.4511278195495","-1.6286750571182438","0.3313846208452042","1.6284436195817595","1.3919008157894737","5.804303","24.569870789473683","56.716576","-2.8077679093585686","12.653045809278629","climb","heuristic_ms2_v1"
"C:\Users\?seoijfowfn\Saved Games\DCS\Tracks\DCS-NotTacView\20260923T201230Z_231999.export.zip","10","1","FA-18C_hornet","9.103","13.989","4.886000000000001","39","3650.399","4099.345","448.94600000000037","234.46234079859417","109.83334688244916","-124.628993916145","190.93073887569366","223.85793276137164","92.81740594008174","0.0","173.4513274336295","-4.097650530175372","0.8895781907557071","3.479579290316173","3.608468871794872","14.534257","38.3120188974359","70.734498","-5.916472334523182","12.653045809278629","climb","heuristic_ms2_v1"
"C:\Users\?seoijfowfn\Saved Games\DCS\Tracks\DCS-NotTacView\20260923T201230Z_231999.export.zip","11","1","FA-18C_hornet","10.056","14.937","4.881","40","3658.723","4270.089","611.366","236.30009835419312","64.23927476410218","-172.06082359009093","161.8878391325065","216.84701431017024","125.36824790556936","0.0","183.44117647059323","-11.144284200102334","2.3707063739443255","15.667015813736656","10.5465096","69.14137","51.78211985","82.861697","-8.828602671105816","16.306478820400397","climb","heuristic_ms2_v1"
"C:\Users\?seoijfowfn\Saved Games\DCS\Tracks\DCS-NotTacView\20260923T201230Z_231999.export.zip","12","1","FA-18C_hornet","11.141","15.965","4.824","41","3715.264","4456.689","741.4250000000002","214.98454401098112","22.392482708636432","-192.5920613023447","121.98805136258548","206.8701798826253","153.30834041718143","0.0","183.70535714286348","-60.881220315116025","12.97271661010195","111.33350713159682","39.12747068292683","156.321624","62.89921892682927","83.101566","-10.460997794840425","18.333968934120104","climbing_turn","heuristic_ms2_v1"
"C:\Users\?seoijfowfn\Saved Games\DCS\Tracks\DCS-NotTacView\20260923T201230Z_231999.export.zip","13","1","FA-18C_hornet","12.058","16.981","4.923000000000002","43","3807.942","4624.555","816.6130000000003","187.74426257176623","42.241186351402696","-145.50307622036354","89.13575598794718","195.7309564726388","165.41215489864223","0.0","183.70535714286348","-142.5168216258705","29.529770976962016","133.05933966891283","71.21668406976744","168.49462","66.30745727906977","83.101566","-12.860292193861657","25.41915506137847","climbing_turn","heuristic_ms2_v1"
"C:\Users\?seoijfowfn\Saved Games\DCS\Tracks\DCS-NotTacView\20260923T201230Z_231999.export.zip","14","1","FA-18C_hornet","13.083","17.951","4.868","43","3949.651","4755.328","805.6770000000006","149.28923475428294","67.66412065463513","-81.62511409964782","68.05981877597866","182.35318473999513","165.32582485324863","0.0","183.70535714286348","-153.58922561062235","31.687888602872885","133.05933966891283","102.11743772093023","171.124365","63.66208776744186","83.101566","-15.759238145691306","33.06189839752238","climbing_turn","heuristic_ms2_v1"
"C:\Users\?seoijfowfn\Saved Games\DCS\Tracks\DCS-NotTacView\20260923T201230Z_231999.export.zip","15","1","FA-18C_hornet","14.093","18.813","4.719999999999999","41","4117.569","4843.371","725.8019999999997","104.84826848655445","78.82655338176988","-26.021715104784562","55.61024894582507","166.93120611038134","154.92381569544474","0.0","183.70535714286348","-154.2159949278493","33.3741600736326","133.05933966891283","134.38673936585366","173.386169","55.4516925609756","83.101566","-18.06371415841394","33.06189839752238","climbing_turn","heuristic_ms2_v1"
"C:\Users\?seoijfowfn\Saved Games\DCS\Tracks\DCS-NotTacView\20260923T201230Z_231999.export.zip","16","1","FA-18C_hornet","15.04","19.972","4.932000000000002","40","4289.007","4925.133","636.1260000000002","59.231773502867696","84.15116372288135","24.919390220013653","54.42105301314194","150.04299115738314","134.82164146034043","0.0","183.70535714286348","-147.78435049224325","32.963715542476436","133.05933966891283","161.2288934","174.899971","42.199683175000004","83.101566","-18.905617371517017","33.06189839752238","climbing_turn","heuristic_ms2_v1"
"C:\Users\?seoijfowfn\Saved Games\DCS\Tracks\DCS-NotTacView\20260923T201230Z_231999.export.zip","17","1","FA-18C_hornet","16.065","20.939","4.873999999999999","39","4474.231","4966.34","492.1090000000004","21.059490922770426","84.80104186590417","63.741550943133745","64.17601612361786","130.4099188911641","105.03866126735444","0.0","175.41999999999211","-86.81021364804673","22.715412796403655","133.05933966891283","170.95522894871797","176.325869","29.253266897435896","68.983183","-18.037232736853895","33.06189839752238","climbing_turn","heuristic_ms2_v1"
"C:\Users\?seoijfowfn\Saved Games\DCS\Tracks\DCS-NotTacView\20260923T201230Z_231999.export.zip","18","1","FA-18C_hornet","17.096","21.991","4.895","38","4641.771","4987.062","345.29100000000017","45.72257154818504","83.29253959334278","37.569968045157744","76.70410749856939","112.28577680478453","72.93793432174652","0.0","149.70434782608413","-15.843412831526877","3.8687256417795557","21.270205396565064","174.13907","179.276715","23.029456","47.269093","-15.313799197495927","33.06189839752238","climb","heuristic_ms2_v1"
"C:\Users\?seoijfowfn\Saved Games\DCS\Tracks\DCS-NotTacView\20260923T201230Z_231999.export.zip","19","1","FA-18C_hornet","18.068","22.913","4.844999999999999","38","4768.796","4986.477","217.68099999999959","69.61879569452732","79.88487249082145","10.26607679629413","81.63967575272383","98.66373326126642","44.6335807264377","8.487394957985044","115.11111111110894","-5.412389268623826","1.2292488255268532","5.3490717403284185","175.7463709473684","179.803337","25.7400235","55.626772","-11.274846554288954","23.99161208256152","climb","heuristic_ms2_v1"
"C:\Users\?seoijfowfn\Saved Games\DCS\Tracks\DCS-NotTacView\20260923T201230Z_231999.export.zip","20","1","FA-18C_hornet","19.024","23.984","4.960000000000001","39","4861.18","4965.628","104.44799999999941","80.01186727437958","73.74834707096238","-6.263520203417201","81.89612808385245","89.61090861350601","20.99812303694485","28.12871287128985","84.40284360189584","-1.9721443765101299","0.5581453685016193","1.9959376662066257","174.5099998205128","179.803337","35.40985648717948","71.225247","-7.490699734262887","20.164167219615173","climb","heuristic_ms2_v1"
"C:\Users\?seoijfowfn\Saved Games\DCS\Tracks\DCS-NotTacView\20260923T201230Z_231999.export.zip","21","1","FA-18C_hornet","20.107","24.98","4.873000000000001","40","4932.262","4928.596","-3.6660000000001673","84.40506678785923","65.92416618168218","-18.480900606177045","79.33388781718392","84.32564917903235","1.0753340887080607","44.10743801653308","52.80740740740748","0.29818117455505444","0.42959116866288183","1.114598982993343","165.99099402500002","179.803337","48.835439525","78.66432","-4.505378364745244","12.808790951145557","deceleration","heuristic_ms2_v1"
"C:\Users\?seoijfowfn\Saved Games\DCS\Tracks\DCS-NotTacView\20260923T201230Z_231999.export.zip","22","1","FA-18C_hornet","21.088","25.908","4.82","39","4970.738","4880.698","-90.03999999999996","84.71271157869775","56.85957066003504","-27.85314091866271","74.9088621065427","81.39399890241201","-16.832756880540135","57.104347826086034","29.51677852349068","2.1131880324254837","0.5430364854597614","2.220339039621892","146.81532428205128","179.803337","59.62415543589744","78.66432","-2.1476624625373817","9.021125087558406","descent","heuristic_ms2_v1"
"C:\Users\?seoijfowfn\Saved Games\DCS\Tracks\DCS-NotTacView\20260923T201230Z_231999.export.zip","23","1","FA-18C_hornet","22.113","26.998","4.885000000000002","40","4987.955","4810.769","-177.1859999999997","82.81526295830001","44.94362478885467","-37.87163816944534","67.56830419261223","80.36203009868771","-34.8849926670094","69.14649681528513","7.319672131147787","4.923987750260039","1.0071811530921546","3.4236697562533402","117.29624625","179.803337","66.098573275","78.66432","-0.34287913099833667","7.142596111299706","descent","heuristic_ms2_v1"
"C:\Users\?seoijfowfn\Saved Games\DCS\Tracks\DCS-NotTacView\20260923T201230Z_231999.export.zip","24","1","FA-18C_hornet","23.094","27.983","4.888999999999999","41","4984.428","4737.784","-246.64400000000023","79.1890034367468","33.09494858448595","-46.094054852260854","58.424648962562884","80.79302627188956","-50.18602555982133","77.40833333333828","0.0","9.764305109723665","2.0627175792268773","6.333966232936625","86.86265519512196","173.547484","66.72086602439025","78.66432","0.828937975657347","2.6022052464716667","descent","heuristic_ms2_v1"
"C:\Users\?seoijfowfn\Saved Games\DCS\Tracks\DCS-NotTacView\20260923T201230Z_231999.export.zip","25","1","FA-18C_hornet","24.097","28.869","4.7719999999999985","41","4962.245","4666.591","-295.65399999999954","73.02094159663928","22.895864905536385","-50.12507669110289","48.782088421735","81.88438603610547","-61.99973850779972","82.29523809523415","0.0","18.821680632616307","4.097810450617551","14.739185003446876","59.698935048780484","154.233909","62.71918319512195","78.66432","1.3582365721270828","2.282587577449742","descending_turn","heuristic_ms2_v1"
"C:\Users\?seoijfowfn\Saved Games\DCS\Tracks\DCS-NotTacView\20260923T201230Z_231999.export.zip","26","1","FA-18C_hornet","25.1","29.887","4.786999999999999","41","4923.086","4580.932","-342.15400000000045","64.84976423113109","13.839957632892188","-51.0098065982389","38.54524052459617","83.24474586098934","-71.24008393179204","85.24509803922149","0.0","45.58621367849989","9.544430471971065","46.45693087408474","38.629383","92.896037","54.743047463414634","78.427586","1.4690510844119593","2.282587577449742","descending_turn","heuristic_ms2_v1"
"C:\Users\?seoijfowfn\Saved Games\DCS\Tracks\DCS-NotTacView\20260923T201230Z_231999.export.zip","27","1","FA-18C_hornet","26.01","30.998","4.9879999999999995","43","4874.733","4485.743","-388.9899999999998","55.70699624270925","13.47950764943644","-42.22748859327281","29.482444444564237","84.47691780412283","-77.43968159870552","85.79999999999713","0.0","98.29138861762058","19.185708934940426","58.750146928331425","29.661017069767443","51.391409","45.535735976744185","70.989038","1.2296901119930592","2.282587577449742","descending_turn","heuristic_ms2_v1"
"C:\Users\?seoijfowfn\Saved Games\DCS\Tracks\DCS-NotTacView\20260923T201230Z_231999.export.zip","28","1","FA-18C_hornet","27.099","31.897","4.797999999999998","41","4803.661","4409.364","-394.2970000000005","43.433061999030734","19.609020835027497","-23.824041164003237","22.662929853471894","85.47868184402749","-81.70411901305258","85.79999999999713","0.0","119.456838215078","24.368837277067076","58.750146928331425","24.60395407317073","35.66971","36.774090487804884","58.7789","0.8723497116820943","2.282587577449742","descending_turn","heuristic_ms2_v1"
"C:\Users\?seoijfowfn\Saved Games\DCS\Tracks\DCS-NotTacView\20260923T201230Z_231999.export.zip","29","1","FA-18C_hornet","28.093","32.91","4.816999999999997","41","4729.185","4325.637","-403.5480000000007","31.744005115524836","27.757186494150538","-3.9868186213742973","19.57367549436477","86.0696855871424","-83.58926403747648","85.79999999999713","0.0","124.28476068438766","25.46630296113335","58.750146928331425","20.547947048780486","29.3676","27.905888829268296","48.307199","0.3334071528186026","1.7312348182106923","descending_turn","heuristic_ms2_v1"
"C:\Users\?seoijfowfn\Saved Games\DCS\Tracks\DCS-NotTacView\20260923T201230Z_231999.export.zip","30","1","FA-18C_hornet","29.057","33.997","4.940000000000001","43","4651.007","4239.938","-411.0689999999995","21.34883224668328","35.605121646469215","14.256289399785935","21.084877708571415","86.07554241966328","-83.07767343465541","85.79999999999713","0.0","116.7169795721282","23.01833712487807","58.750146928331425","16.93411388372093","25.30297","20.125062744186046","39.079211","-0.1982857744352324","1.4342902648669815","descending_turn","heuristic_ms2_v1"
"C:\Users\?seoijfowfn\Saved Games\DCS\Tracks\DCS-NotTacView\20260923T201230Z_231999.export.zip","31","1","FA-18C_hornet","30.025","35.0","4.975000000000001","44","4569.145","4165.526","-403.6190000000006","13.191785005370116","41.642982826175896","28.45119782080578","25.44424837670898","85.63406303207483","-81.05515696123919","85.79999999999713","0.0","86.68141776495094","17.39893557038371","58.750146928331425","13.667138977272726","21.960889","13.70515615909091","30.811878","-0.6494849442017027","1.5653682801208153","descending_turn","heuristic_ms2_v1"
"C:\Users\?seoijfowfn\Saved Games\DCS\Tracks\DCS-NotTacView\20260923T201230Z_231999.export.zip","32","1","FA-18C_hornet","31.122","35.956","4.834000000000003","43","4475.136","4099.167","-375.96900000000005","14.158177626695094","46.32446006856146","32.166282441866365","31.660739534769487","84.81851296311437","-77.90379294455354","85.54032258064576","0.0","32.22239160819413","7.6776359679054105","39.53804123571597","10.401027744186047","18.425962","8.778162302325581","22.468104","-1.0260001345012444","1.8751517040041301","descending_turn","heuristic_ms2_v1"
"C:\Users\?seoijfowfn\Saved Games\DCS\Tracks\DCS-NotTacView\20260923T201230Z_231999.export.zip","33","1","FA-18C_hornet","32.009","36.984","4.975000000000001","45","4399.961","4032.911","-367.0500000000002","20.595470316219465","50.23483658696394","29.63936627074447","37.397554596071636","83.71356562401652","-74.09924024680012","83.95535714284982","0.0","9.37943620451398","3.3590659515633963","16.646974792297367","7.427136844444444","15.580546","6.389388111111112","16.454014","-1.292606812494535","1.8751517040041301","descent","heuristic_ms2_v1"
"C:\Users\?seoijfowfn\Saved Games\DCS\Tracks\DCS-NotTacView\20260923T201230Z_231999.export.zip","34","1","FA-18C_hornet","33.011","37.9","4.888999999999996","44","4317.475","3978.276","-339.1990000000005","28.5556462100515","53.63153439007121","25.07588818001971","42.76913737358299","82.39266099931757","-69.71915751275168","80.81188118810745","0.0","-1.8402563092463993","1.8722224207992588","5.404091339665905","5.32084859090909","12.304526","4.589370545454545","10.375864","-1.4071098464295264","1.8751517040041301","descent","heuristic_ms2_v1"
"C:\Users\?seoijfowfn\Saved Games\DCS\Tracks\DCS-NotTacView\20260923T201230Z_231999.export.zip","35","1","FA-18C_hornet","34.097","38.967","4.869999999999997","43","4232.308","3919.726","-312.5819999999999","36.26297638174059","58.088654280874714","21.82567789913412","48.03009228348947","80.93419834478922","-64.4954703494252","76.30000000000001","0.0","-8.675366831402698","1.9165607609428632","4.226057939950301","4.757443744186046","11.652101","3.526071930232558","6.234106","-1.2648504170684327","1.8751517040041301","descent","heuristic_ms2_v1"
"C:\Users\?seoijfowfn\Saved Games\DCS\Tracks\DCS-NotTacView\20260923T201230Z_231999.export.zip","36","1","FA-18C_hornet","35.0","39.928","4.927999999999997","43","4165.526","3871.722","-293.80399999999963","41.642982826175896","61.41964493279091","19.776662106615014","52.00800416841579","79.84894433746841","-59.9276314447316","72.0384615384639","0.0","-13.041001331217501","2.6062374596671836","5.016371838795579","6.094066860465116","16.160248","4.107226279069767","7.444811","-1.1068387907622186","1.8751517040041301","descent","heuristic_ms2_v1"
"C:\Users\?seoijfowfn\Saved Games\DCS\Tracks\DCS-NotTacView\20260923T201230Z_231999.export.zip","37","1","FA-18C_hornet","36.087","40.965","4.878","43","4090.43","3824.967","-265.46299999999974","46.82340340662147","63.967488241305155","17.14408483468368","55.94143364229724","78.79513274630916","-54.79546406225702","66.69465648855359","0.0","-16.376952695099305","3.3111309211692053","5.016371838795579","8.86324388372093","17.32849","5.701966186046512","11.081218","-0.9469347403675964","1.870132084666354","descent","heuristic_ms2_v1"
"C:\Users\?seoijfowfn\Saved Games\DCS\Tracks\DCS-NotTacView\20260923T201230Z_231999.export.zip","38","1","FA-18C_hornet","37.1","41.946","4.8459999999999965","43","4025.766","3785.469","-240.29700000000003","50.62810026427098","65.71390141576778","15.085801151496803","59.37158279757575","77.90886552822235","-49.74689296869067","61.59482758620692","0.0","-18.419204741673525","3.7834430273300494","5.016371838795579","12.30404893023256","17.416378","7.207848139534884","14.146195","-0.7987260034999163","1.738374722369616","descent","heuristic_ms2_v1"
"C:\Users\?seoijfowfn\Saved Games\DCS\Tracks\DCS-NotTacView\20260923T201230Z_231999.export.zip","39","1","FA-18C_hornet","38.011","42.855","4.843999999999994","43","3971.93","3752.828","-219.10199999999986","54.10317287006464","66.96575068388421","12.86257781381957","62.035232083559166","77.21751839239639","-45.322501559566845","57.171171171169036","0.0","-19.478149996590446","4.023293509142006","5.016371838795579","14.992557627906978","18.203689","9.015061813953487","14.73341","-0.7418123373489299","1.1861806760164317","descending_turn","heuristic_ms2_v1"
"C:\Users\?seoijfowfn\Saved Games\DCS\Tracks\DCS-NotTacView\20260923T201230Z_231999.export.zip","40","1","FA-18C_hornet","39.083","43.97","4.8870000000000005","43","3913.692","3717.506","-196.18600000000015","58.556941948662285","70.9873973126826","12.430455364020318","64.70055525340113","76.63529911059102","-40.433694934715184","52.01724137931141","0.0","-19.629903181157374","4.052878217161628","5.296755578727543","17.09809327906977","18.691004","9.972028604651163","14.73341","-0.23754707886734514","5.20642907965403","descending_turn","heuristic_ms2_v1"
"C:\Users\?seoijfowfn\Saved Games\DCS\Tracks\DCS-NotTacView\20260923T201230Z_231999.export.zip","41","1","FA-18C_hornet","40.031","44.989","4.957999999999998","44","3866.845","3686.051","-180.79399999999987","61.71644342530837","77.92285516298793","16.20641173767956","67.583500492582","77.21467854162265","-36.74638015460459","47.34951456311005","0.0","-17.706592094184714","3.6128484111182826","5.296755578727543","17.719058045454545","18.691004","9.336351181818182","14.73341","1.2667839350610473","8.284350791983874","descent","heuristic_ms2_v1"
"C:\Users\?seoijfowfn\Saved Games\DCS\Tracks\DCS-NotTacView\20260923T201230Z_231999.export.zip","42","1","FA-18C_hornet","41.073","45.926","4.8530000000000015","43","3820.396","3655.747","-164.64900000000034","64.19897044884101","84.56842168396734","20.369451235126334","71.18468759993934","79.14927164441441","-34.17655403313757","42.324074074074446","0.0","-15.283171981409907","3.201203504931155","5.296755578727543","17.677460674418604","18.691004","8.05312534883721","14.73341","2.708526698096014","8.284350791983874","descent","heuristic_ms2_v1"
"C:\Users\?seoijfowfn\Saved Games\DCS\Tracks\DCS-NotTacView\20260923T201230Z_231999.export.zip","43","1","FA-18C_hornet","42.077","46.965","4.888000000000005","42","3780.535","3626.496","-154.03899999999976","65.87313027452525","89.07474633217959","23.201616057654334","75.61515083210855","82.14828345303097","-31.697151260250404","37.66412213740601","0.0","-14.780994696452751","3.057928459759656","5.296755578727543","17.67330007142857","18.691004","7.25204688095238","14.73341","3.3600781373331947","8.284350791983874","descent","heuristic_ms2_v1"
"C:\Users\?seoijfowfn\Saved Games\DCS\Tracks\DCS-NotTacView\20260923T201230Z_231999.export.zip","44","1","FA-18C_hornet","43.055","47.904","4.849000000000004","42","3746.146","3606.995","-139.1510000000003","67.24088952499831","91.99416101222249","24.753271487224183","80.24124157545012","85.49863391073106","-28.823504028152207","33.40999999999847","0.0","-14.193018683425862","2.9445377655665674","5.296755578727543","17.703518833333334","18.691004","6.980275976190476","13.760128","3.8095468883149666","8.284350791983874","descent","heuristic_ms2_v1"
"C:\Users\?seoijfowfn\Saved Games\DCS\Tracks\DCS-NotTacView\20260923T201230Z_231999.export.zip","45","1","FA-18C_hornet","44.078","48.909","4.830999999999996","42","3714.239","3592.951","-121.28800000000001","71.65224228866305","94.39635527628211","22.74411298761906","85.52133829768759","89.52932740100654","-25.05739085490713","32.631578947365426","0.0","-13.658548203959981","2.838575047927504","4.478115568911795","17.64492676190476","18.508477","8.88528942857143","18.87497","3.6503729703848853","8.284350791983874","descent","heuristic_ms2_v1"
"C:\Users\?seoijfowfn\Saved Games\DCS\Tracks\DCS-NotTacView\20260923T201230Z_231999.export.zip","46","1","FA-18C_hornet","45.093","49.948","4.854999999999997","42","3682.709","3586.447","-96.26199999999972","78.70765042759895","95.27978431950787","16.57213389190892","89.85727667491527","92.60370647355207","-19.799359134635615","32.631578947365426","0.0","-14.997399099183951","3.081793331701754","4.478115568911795","17.85125442857143","18.884476","12.623527214285714","21.120055","2.2435509082487872","7.933756892235177","descent","heuristic_ms2_v1"
"C:\Users\?seoijfowfn\Saved Games\DCS\Tracks\DCS-NotTacView\20260923T201230Z_231999.export.zip","47","1","FA-18C_hornet","46.079","50.984","4.905000000000001","43","3650.977","3585.516","-65.46099999999979","85.44336530026487","98.6623673593938","13.219002059128925","92.8441417528623","94.37899262576319","-13.512927545616696","31.176470588235443","0.0","-14.860292203381732","3.040346683882935","4.478115568911795","18.162316372093024","18.884476","14.681255837209301","21.120055","1.6341162987221258","5.3112106965686365","descent","heuristic_ms2_v1"
"C:\Users\?seoijfowfn\Saved Games\DCS\Tracks\DCS-NotTacView\20260923T201230Z_231999.export.zip","48","1","FA-18C_hornet","47.097","51.997","4.899999999999999","44","3623.367","3579.546","-43.82100000000037","89.43366368820811","103.81413429121642","14.380470603008305","95.60795197563621","96.35066073596437","-9.31448213141953","23.704545454545116","0.0","-10.915976323461848","2.473468371209976","3.994774933204453","18.106547340909092","18.884476","14.047829204545453","21.120055","2.425565253713884","7.057691549481833","descent","heuristic_ms2_v1"
"C:\Users\?seoijfowfn\Saved Games\DCS\Tracks\DCS-NotTacView\20260923T201230Z_231999.export.zip","49","1","FA-18C_hornet","48.012","52.975","4.963000000000001","43","3605.145","3557.955","-47.190000000000055","92.34156273233639","105.58381195730678","13.242249224970394","98.08011289292337","98.81535366645727","-9.353932489129678","31.092436974792268","0.0","-6.240167887907944","2.2053495590975913","3.39800490139417","17.855546209302325","18.884476","15.807139255813954","28.559669","3.231123540615426","10.419247365073831","descent","heuristic_ms2_v1"
"C:\Users\?seoijfowfn\Saved Games\DCS\Tracks\DCS-NotTacView\20260923T202156Z_424999.export.zip","1","1","FA-18C_hornet","0.0","4.95","4.95","43","3655.217","3642.413","-12.804000000000087","177.75357408741095","215.7408240442618","37.98724995685086","207.55734953732593","207.58151053810377","-2.5160166744639607","5.269230769232968","0.2931034482767702","-0.007756388467043962","0.002013894857673377","0.013159166996466536","0.047668093023255816","0.777592","1.9057629069767443","2.396434","8.362445852878317","263.55062663573005","acceleration","heuristic_ms2_v1"
"C:\Users\?seoijfowfn\Saved Games\DCS\Tracks\DCS-NotTacView\20260923T202156Z_424999.export.zip","2","1","FA-18C_hornet","1.107","5.897","4.79","42","3651.4","3643.162","-8.238000000000284","204.35728532651984","219.7963051541022","15.43901982758237","210.75590314372116","210.774271223808","-1.8198503731596278","5.269230769232968","1.0699300699286147","0.3738212553049607","0.0763803761890633","0.7226769965583172","2.0178692857142857","15.535663","2.3037731904761904","2.413173","3.157609523644158","4.638846477358058","acceleration","heuristic_ms2_v1"
"C:\Users\?seoijfowfn\Saved Games\DCS\Tracks\DCS-NotTacView\20260923T202156Z_424999.export.zip","3","1","FA-18C_hornet","2.055","6.929","4.8740000000000006","42","3646.892","3644.491","-2.40099999999984","205.7870040459996","224.66649256780184","18.879488521802244","214.13449842567834","214.14212870639727","-0.6310426219029832","4.096385542170425","1.4297520661138332","1.160584368917796","0.22531327885330235","1.1060511296407622","5.077778595238095","17.04875","2.3470528571428573","2.413173","3.849165362701135","6.7198466634561465","acceleration","heuristic_ms2_v1"
"C:\Users\?seoijfowfn\Saved Games\DCS\Tracks\DCS-NotTacView\20260923T202156Z_424999.export.zip","4","1","FA-18C_hornet","3.064","7.893","4.829","41","3643.896","3645.946","2.049999999999727","208.72895568893398","229.44026338495402","20.711307696020043","218.26666342027264","218.2699084690747","0.34736270739751923","2.1683168316791708","1.5495495495497822","1.9019242294145897","0.3807053842123466","1.1060511296407622","8.566082902439025","17.34826","2.301957048780488","2.413173","4.317713837682905","6.7198466634561465","acceleration","heuristic_ms2_v1"
"C:\Users\?seoijfowfn\Saved Games\DCS\Tracks\DCS-NotTacView\20260923T202156Z_424999.export.zip","5","1","FA-18C_hornet","4.029","8.915","4.885999999999999","42","3642.57","3647.429","4.858999999999924","212.04643359359056","234.63834650728586","22.591912913695296","222.81250789192603","222.81553550469206","0.939433843678165","0.8059701492516415","1.5652173913068756","2.8281349588646663","0.5658221103133377","1.2109920133595702","13.18222261904762","26.082775","2.216402857142857","2.413173","4.636822620473907","6.7198466634561465","acceleration","heuristic_ms2_v1"
"C:\Users\?seoijfowfn\Saved Games\DCS\Tracks\DCS-NotTacView\20260923T202156Z_424999.export.zip","6","1","FA-18C_hornet","5.069","9.943","4.874","42","3642.464","3648.156","5.692000000000007","216.23475840359592","240.07236101328164","23.837602609685717","227.9215079388518","227.92469096525332","1.1412463429151174","0.0","1.5652173913068756","3.9255440697965582","0.7946695779241104","1.292138010348683","18.861029833333333","28.133317","2.044819642857143","2.413173","4.92752229307059","6.7198466634561465","acceleration","heuristic_ms2_v1"
"C:\Users\?seoijfowfn\Saved Games\DCS\Tracks\DCS-NotTacView\20260923T202156Z_424999.export.zip","7","1","FA-18C_hornet","6.012","10.964","4.952000000000001","43","3643.291","3648.149","4.85799999999972","220.38004838464101","245.43443969022644","25.054391305585426","232.94465997357494","232.94758046009358","0.9708190939182849","0.4621848739520264","1.5652173913068756","4.850680624396716","0.9933652700779132","2.358233477377664","22.602565511627905","29.248721","1.9929858604651163","4.699788","5.117145171609184","6.7198466634561465","acceleration","heuristic_ms2_v1"
"C:\Users\?seoijfowfn\Saved Games\DCS\Tracks\DCS-NotTacView\20260923T202156Z_424999.export.zip","8","1","FA-18C_hornet","7.059","11.982","4.922999999999999","43","3644.68","3664.675","19.995000000000346","225.27263644376973","243.25686258102493","17.984226137255206","237.2018933482461","237.30974886553366","3.373865952365371","0.4621848739520264","29.70124481327953","9.663859030880985","1.8576131633258322","7.369227587283629","25.880606790697673","40.42246","3.6434475348837205","16.177182","4.210434738829725","6.41906618406365","acceleration","heuristic_ms2_v1"
"C:\Users\?seoijfowfn\Saved Games\DCS\Tracks\DCS-NotTacView\20260923T202156Z_424999.export.zip","9","1","FA-18C_hornet","8.003","12.896","4.893000000000001","43","3646.118","3710.71","64.5920000000001","229.9948095749052","232.50700829258287","2.512198717677677","239.04130596907243","240.18596347220694","12.543070322952461","0.4621848739520264","64.34285714285554","18.172054122960276","3.628088944377653","13.492849427493727","30.668876209302326","46.170542","6.969824953488372","23.115978","2.497442140353576","6.41906618406365","climb","heuristic_ms2_v1"
"C:\Users\?seoijfowfn\Saved Games\DCS\Tracks\DCS-NotTacView\20260923T202156Z_424999.export.zip","10","1","FA-18C_hornet","9.034","13.922","4.888","43","3647.562","3793.446","145.88400000000001","235.2489459517322","218.45678253722232","-16.792163414509872","237.4661368294929","241.5890624543617","29.145742340283785","0.4621848739520264","92.36792452829928","28.85499713772998","5.832820063362592","13.492849427493727","37.10729944186046","57.17956","12.096270395348837","28.379998","0.5940211042128173","6.41906618406365","climbing_turn","heuristic_ms2_v1"
"C:\Users\?seoijfowfn\Saved Games\DCS\Tracks\DCS-NotTacView\20260923T202156Z_424999.export.zip","11","1","FA-18C_hornet","10.045","14.944","4.899000000000001","43","3648.174","3898.924","250.75","240.62161211793008","204.72702772023283","-35.89458439769726","231.8391733498751","240.96276336053884","50.55520536386798","0.4621848739520264","110.25663716813882","41.59081867830878","8.44241877727979","15.374367197519705","45.049883069767446","69.467969","18.230909069767442","32.240002","-1.474913691849456","5.937624472891576","climbing_turn","heuristic_ms2_v1"
"C:\Users\?seoijfowfn\Saved Games\DCS\Tracks\DCS-NotTacView\20260923T202156Z_424999.export.zip","12","1","FA-18C_hornet","11.075","15.883","4.808","42","3648.457","4007.211","358.7539999999999","245.8549293094013","194.75957289526212","-51.09535641413919","223.15592064756987","238.4016532649723","73.70957465179644","0.0","117.82456140350796","54.51499564558554","11.314297949589553","18.129423469197086","54.397122190476196","82.444188","24.49350395238095","33.419955","-3.638343726778252","6.07587737910694","climbing_turn","heuristic_ms2_v1"
"C:\Users\?seoijfowfn\Saved Games\DCS\Tracks\DCS-NotTacView\20260923T202156Z_424999.export.zip","13","1","FA-18C_hornet","12.096","16.952","4.856000000000002","43","3668.794","4132.581","463.78700000000026","241.74274497647224","189.09164653401552","-52.651098442456714","212.27576266137433","233.9897748982254","93.88497609359342","0.0","118.1920903954809","65.78800633510832","13.633217778052725","22.720542530791","65.51957627906977","94.108751","28.584030162790693","33.419955","-4.797105962900935","7.679906911260568","climbing_turn","heuristic_ms2_v1"
"C:\Users\?seoijfowfn\Saved Games\DCS\Tracks\DCS-NotTacView\20260923T202156Z_424999.export.zip","14","1","FA-18C_hornet","13.002","17.992","4.99","44","3717.892","4245.979","528.0870000000004","231.11051306188025","188.65612097301698","-42.45439208886327","202.87880400533228","229.07708893257652","104.82173920832537","0.0","118.1920903954809","74.67103541666324","14.96836942020674","22.720542530791","76.47066202272727","102.645606","30.157652068181815","33.419955","-5.217375396263809","7.679906911260568","climbing_turn","heuristic_ms2_v1"
"C:\Users\?seoijfowfn\Saved Games\DCS\Tracks\DCS-NotTacView\20260923T202156Z_424999.export.zip","15","1","FA-18C_hornet","14.023","18.891","4.8679999999999986","43","3803.008","4330.613","527.6050000000005","216.9884060821656","190.19266774709925","-26.795738335066346","195.80702721680402","223.75988178752368","107.8782778585103","0.0","118.1920903954809","77.28114807085103","15.950656905043985","22.720542530791","86.64397893023255","106.810437","29.717339604651162","33.419955","-5.72294079035955","8.406093523388328","climbing_turn","heuristic_ms2_v1"
"C:\Users\?seoijfowfn\Saved Games\DCS\Tracks\DCS-NotTacView\20260923T202156Z_424999.export.zip","16","1","FA-18C_hornet","15.054","19.962","4.9079999999999995","43","3911.206","4409.723","498.5169999999998","203.35509030084464","190.08732299458057","-13.267767306264062","191.55008093130928","217.39401612928643","101.727069502241","0.0","118.1920903954809","80.11736460732118","16.459117153854972","22.720542530791","95.69563846511629","108.083932","26.874551744186043","33.419955","-6.490104138697669","9.925034334360356","climbing_turn","heuristic_ms2_v1"
"C:\Users\?seoijfowfn\Saved Games\DCS\Tracks\DCS-NotTacView\20260923T202156Z_424999.export.zip","17","1","FA-18C_hornet","16.011","20.932","4.920999999999999","43","4022.323","4459.066","436.74299999999994","193.82350516879856","185.53648848100966","-8.287016687788906","189.48072217950022","210.80400453091622","89.64255774902728","0.0","118.1920903954809","80.40451874555282","16.507677274739624","22.720542530791","101.29514300000001","108.083932","22.60572065116279","33.207321","-7.511415657813946","12.322111502435348","climbing_turn","heuristic_ms2_v1"
"C:\Users\?seoijfowfn\Saved Games\DCS\Tracks\DCS-NotTacView\20260923T202156Z_424999.export.zip","18","1","FA-18C_hornet","17.054","21.903","4.849","42","4144.237","4487.822","343.58500000000004","188.83956645717703","177.09423628655767","-11.745330170619354","187.6011691588301","202.8195676445886","72.36955261369391","0.0","114.2745098039247","76.91517692232182","16.06116984391002","20.676483121030117","104.04421516666666","108.083932","17.25988919047619","30.722799","-8.691460046488354","13.544273470669221","climbing_turn","heuristic_ms2_v1"
"C:\Users\?seoijfowfn\Saved Games\DCS\Tracks\DCS-NotTacView\20260923T202156Z_424999.export.zip","19","1","FA-18C_hornet","18.1","22.932","4.831999999999997","42","4256.901","4501.497","244.59600000000046","188.81402182649273","160.8015625515948","-28.012459274897935","183.29888615227856","192.36017820194235","51.83188392446954","0.0","101.12962962962514","74.47665658150939","15.558206771350083","20.63533383778929","103.31766273809524","108.083932","11.698182714285714","25.925508","-11.014831002866783","20.578777988250742","climbing_turn","heuristic_ms2_v1"
"C:\Users\?seoijfowfn\Saved Games\DCS\Tracks\DCS-NotTacView\20260923T202156Z_424999.export.zip","20","1","FA-18C_hornet","19.027","23.972","4.945","43","4342.058","4503.622","161.5640000000003","190.35837055925873","142.92354209623198","-47.43482846302675","175.28306209975815","180.01422200588055","33.5308242803221","0.0","84.15441176470202","73.06412193231594","14.856666753704838","19.19100022244633","98.58203797674418","108.083932","8.317104953488371","20.373524","-13.184253774391717","20.661969250622562","climbing_turn","heuristic_ms2_v1"
"C:\Users\?seoijfowfn\Saved Games\DCS\Tracks\DCS-NotTacView\20260923T202156Z_424999.export.zip","21","1","FA-18C_hornet","20.074","24.955","4.880999999999997","43","4416.503","4505.803","89.30000000000018","189.7845701946322","129.20252255716326","-60.582047637468946","163.65845429341667","165.50358152753608","18.593149574612962","0.0","60.535714285710995","65.68424436318031","13.53468393145256","19.19100022244633","88.4977323488372","106.915628","8.99822453488372","26.163953","-14.368093597321637","20.661969250622562","climbing_turn","heuristic_ms2_v1"
"C:\Users\?seoijfowfn\Saved Games\DCS\Tracks\DCS-NotTacView\20260923T202156Z_424999.export.zip","22","1","FA-18C_hornet","21.041","25.941","4.899999999999999","44","4463.263","4514.82","51.55699999999979","184.74759715522708","124.88859320679732","-59.85900394842976","151.5498983999213","152.20431190788227","10.878279121284967","0.0","38.50458715596375","55.488568495833675","11.385541896724291","17.93897955005977","74.34440395454546","106.370757","11.984831863636362","26.849771","-12.925609996382713","20.661969250622562","climbing_turn","heuristic_ms2_v1"
"C:\Users\?seoijfowfn\Saved Games\DCS\Tracks\DCS-NotTacView\20260923T202156Z_424999.export.zip","23","1","FA-18C_hornet","22.003","26.976","4.972999999999999","45","4489.836","4525.572","35.735999999999876","175.62068997617496","128.5657903370115","-47.054899639163466","141.26709601033633","141.54600699311888","7.392579155509305","0.0","20.14000000000095","41.56492152653294","8.608907291309013","17.93897955005977","56.83451451111111","96.991439","12.837389111111111","26.849771","-9.874074866983854","20.661969250622562","turn","heuristic_ms2_v1"
"C:\Users\?seoijfowfn\Saved Games\DCS\Tracks\DCS-NotTacView\20260923T202156Z_424999.export.zip","24","1","FA-18C_hornet","23.034","27.92","4.886000000000003","44","4502.073","4526.027","23.953999999999724","158.74592179628485","133.32773175596077","-25.418190040324077","133.87632655175614","134.0579460794575","4.962321070009541","5.376237623758922","11.945945945946072","26.32372771782184","5.843091358578049","14.964427253637316","39.311276613636366","91.740123","13.30654965909091","26.849771","-5.674023621447961","20.661969250622562","turn","heuristic_ms2_v1"
"C:\Users\?seoijfowfn\Saved Games\DCS\Tracks\DCS-NotTacView\20260923T202156Z_424999.export.zip","25","1","FA-18C_hornet","24.077","28.945","4.8679999999999986","44","4503.649","4514.88","11.230999999999767","141.25027299118491","138.880007234208","-2.37026575697692","130.9895233736271","131.25993891832735","2.2974829235767134","13.901960784310402","11.945945945946072","13.228206310022244","3.2364247695824973","11.769535239489453","22.945816954545453","69.141431","12.702598727272727","26.849771","-0.8848962165438223","15.93465750818397","steady","heuristic_ms2_v1"
"C:\Users\?seoijfowfn\Saved Games\DCS\Tracks\DCS-NotTacView\20260923T202156Z_424999.export.zip","26","1","FA-18C_hornet","25.056","29.985","4.9289999999999985","44","4506.389","4498.212","-8.17699999999968","128.17725223297256","144.78608344225418","16.608831209281618","132.44738228787506","132.89610967924676","-1.4282004742598104","18.035087719294488","11.945945945946072","4.33436270156966","1.2828002235949265","7.644713042967108","11.149377795454544","47.673634","8.932593022727273","26.849771","3.2022971534165237","9.798344602311252","acceleration","heuristic_ms2_v1"
"C:\Users\?seoijfowfn\Saved Games\DCS\Tracks\DCS-NotTacView\20260923T202156Z_424999.export.zip","27","1","FA-18C_hornet","26.044","30.89","4.846","42","4516.046","4480.058","-35.988000000000284","125.03391072998022","150.1484718570138","25.114561127033568","136.39689877760267","137.01868107944068","-6.770288759929155","20.852713178291257","11.945945945946072","0.10831127882096325","0.27762845643066303","1.8855991905104303","4.488259428571429","19.201928","4.536942261904763","18.172166","5.283825992972099","7.019265855953382","acceleration","heuristic_ms2_v1"
"C:\Users\?seoijfowfn\Saved Games\DCS\Tracks\DCS-NotTacView\20260923T202309Z_575000.export.zip","1","1","FA-18C_hornet","0.0","4.997","4.997","44","3655.217","3634.89","-20.327000000000226","179.8364931198446","217.68948581733449","37.852992697489896","208.9692315135357","209.0317442241124","-3.961750132998348","15.503649635038377","0.0","1.301060379635885","0.45049004833328765","2.4617320173294805","31.650594863636364","174.884767","1.9896595227272726","4.876131","6.755878937618269","178.5398386061812","acceleration","heuristic_ms2_v1"
"C:\Users\?seoijfowfn\Saved Games\DCS\Tracks\DCS-NotTacView\20260923T202309Z_575000.export.zip","2","1","FA-18C_hornet","1.075","5.99","4.915","43","3651.58","3614.464","-37.115999999999985","204.91668433652654","222.54841323509365","17.631728898567104","212.48166445406923","212.72067629403978","-7.3173192074930204","22.660377358491004","0.0","-1.627306312821247","1.0135527676780693","3.4316992597312272","45.49965406976744","174.884767","2.617451953488372","4.876131","3.7533604945060053","6.249298275818667","acceleration","heuristic_ms2_v1"
"C:\Users\?seoijfowfn\Saved Games\DCS\Tracks\DCS-NotTacView\20260923T202309Z_575000.export.zip","3","1","FA-18C_hornet","2.016","6.989","4.973","44","3647.207","3590.29","-56.916999999999916","207.05917069683176","228.13924429491706","21.080073598085306","216.40734315666586","216.89626068834542","-11.232530675530175","25.267326732674604","0.0","-3.924972586079889","1.4620196118641813","3.4316992597312272","54.50959065909091","174.884767","2.9559408636363638","4.876131","4.499661220660041","6.7954688242014765","descent","heuristic_ms2_v1"
"C:\Users\?seoijfowfn\Saved Games\DCS\Tracks\DCS-NotTacView\20260923T202309Z_575000.export.zip","4","1","FA-18C_hornet","3.079","7.964","4.885","43","3644.339","3565.377","-78.96199999999999","210.41327655700698","234.004993472807","23.59171691580002","220.82493423002578","221.58241214544242","-15.63392438572011","25.66101694915457","0.0","-5.3787163913638665","1.7787998520430897","3.4316992597312272","61.67894069767442","174.884767","3.2784786511627906","4.876131","5.088416049377497","6.861895517286508","descent","heuristic_ms2_v1"
"C:\Users\?seoijfowfn\Saved Games\DCS\Tracks\DCS-NotTacView\20260923T202309Z_575000.export.zip","5","1","FA-18C_hornet","4.085","8.964","4.8790000000000004","43","3643.0","3539.594","-103.40599999999995","214.1274227145703","240.2971672159555","26.169744501385225","226.14641191749132","227.19504881247994","-20.751681304244254","25.900000000001622","0.0","-7.527443737545468","1.9100638205061171","3.4316992597312272","62.64462665116279","174.884767","3.6639259534883717","4.876131","5.650017779363637","6.861895517286508","descent","heuristic_ms2_v1"
"C:\Users\?seoijfowfn\Saved Games\DCS\Tracks\DCS-NotTacView\20260923T202309Z_575000.export.zip","6","1","FA-18C_hornet","5.164","9.898","4.734","41","3631.953","3517.916","-114.03699999999981","218.32785816775234","246.27163741634914","27.943779248596798","231.41808780301852","232.66128926151617","-23.939496276948255","25.900000000001622","0.0","-9.1011699375141","1.9598194354658014","3.4316992597312272","40.73333268292683","95.926346","3.605037853658537","4.624683","5.960002473693106","8.725330230239816","descent","heuristic_ms2_v1"
"C:\Users\?seoijfowfn\Saved Games\DCS\Tracks\DCS-NotTacView\20260923T202309Z_575000.export.zip","7","1","FA-18C_hornet","6.104","10.974","4.87","42","3611.847","3502.472","-109.375","223.14002811444087","252.63673048012464","29.496702365683774","237.4685366285725","238.58793600275754","-22.48525935839064","25.900000000001622","0.0","-8.145119610016366","1.719322441805538","2.708532988486908","30.602730238095237","56.03174","2.953097","4.26786","5.927628898988146","8.725330230239816","descent","heuristic_ms2_v1"
"C:\Users\?seoijfowfn\Saved Games\DCS\Tracks\DCS-NotTacView\20260923T202309Z_575000.export.zip","8","1","FA-18C_hornet","7.09","11.929","4.839","41","3587.727","3499.117","-88.60999999999967","228.7387595825046","257.64254847205467","28.90378888955007","243.57704358221702","244.44704766564433","-18.400840426939173","25.900000000001622","1.2616822429926813","-7.09151988665991","1.4907555214473593","2.6494657125789853","22.890776975609754","35.364247","2.6795333170731706","4.26786","5.778277335941608","8.725330230239816","descent","heuristic_ms2_v1"
"C:\Users\?seoijfowfn\Saved Games\DCS\Tracks\DCS-NotTacView\20260923T202309Z_575000.export.zip","9","1","FA-18C_hornet","8.065","12.979","4.914","42","3562.784","3507.466","-55.31800000000021","234.68297187400282","262.10617938449667","27.423207510493853","249.48300377675537","250.0954228031927","-11.39836553196708","25.900000000001622","13.403846153844123","-5.040852693692216","1.2966320404062484","2.6494657125789853","17.934782523809524","28.008359","2.850186642857143","5.730249","5.477008053836512","8.725330230239816","descent","heuristic_ms2_v1"
"C:\Users\?seoijfowfn\Saved Games\DCS\Tracks\DCS-NotTacView\20260923T202309Z_575000.export.zip","10","1","FA-18C_hornet","9.091","13.94","4.849","42","3536.352","3525.486","-10.865999999999985","241.03150840838202","265.7927655865956","24.761257178213555","255.19013504046077","255.64759239233717","-1.8627893338620054","25.527559055119823","21.168316831682567","-3.231508280180776","1.151406204974943","2.6494657125789853","14.020642999999998","25.757248","3.269811976190476","6.585577","5.0647259831231235","8.725330230239816","acceleration","heuristic_ms2_v1"
"C:\Users\?seoijfowfn\Saved Games\DCS\Tracks\DCS-NotTacView\20260923T202309Z_575000.export.zip","11","1","FA-18C_hornet","10.007","14.936","4.929","43","3515.83","3544.44","28.610000000000127","246.96940115445267","270.7940856628657","23.824684508413043","259.5247528772489","259.9201048377232","5.459928688685971","19.137614678901286","21.168316831682567","-1.4115098142618194","0.8690185261773083","2.4824239674479895","11.330911232558138","22.59869","3.6396433488372093","6.585577","4.862704647993479","7.685554771814057","acceleration","heuristic_ms2_v1"
"C:\Users\?seoijfowfn\Saved Games\DCS\Tracks\DCS-NotTacView\20260923T202309Z_575000.export.zip","12","1","FA-18C_hornet","11.079","15.947","4.8679999999999986","42","3501.613","3558.409","56.79600000000028","253.29013867634885","275.927385156918","22.637246480569132","264.28884819436564","264.66808709231134","11.289230496079588","8.18095238095595","21.168316831682567","0.5058547109437654","0.5411889728036045","1.7052854761544487","8.908059285714286","17.296839","4.200414285714286","6.585577","4.739689067895522","6.083200785435712","climb","heuristic_ms2_v1"
"C:\Users\?seoijfowfn\Saved Games\DCS\Tracks\DCS-NotTacView\20260923T202309Z_575000.export.zip","13","1","FA-18C_hornet","12.04","16.951","4.911000000000001","43","3499.4","3566.86","67.46000000000004","258.15676536793967","281.17237710629325","23.015611738353584","268.9804064427845","269.3700867343334","13.436242372701948","0.0","21.168316831682567","1.6222353991743717","0.3326459724237772","0.9787846901066306","8.192055860465116","8.889104","4.095375255813954","6.585577","4.741820076651737","6.044676209580593","climb","heuristic_ms2_v1"
"C:\Users\?seoijfowfn\Saved Games\DCS\Tracks\DCS-NotTacView\20260923T202309Z_575000.export.zip","14","1","FA-18C_hornet","13.081","17.877","4.795999999999999","42","3508.954","3569.813","60.858999999999924","262.48998276423936","285.82897667321515","23.338993908975795","273.68571810130715","274.05782054215393","12.66583943375816","0.0","21.168316831682567","1.0218105149497205","0.2332462871836441","0.7793971301308066","8.28180338095238","8.889104","3.4003439285714285","6.585577","4.807210397347667","6.044676209580593","climb","heuristic_ms2_v1"
"C:\Users\?seoijfowfn\Saved Games\DCS\Tracks\DCS-NotTacView\20260923T202309Z_575000.export.zip","15","1","FA-18C_hornet","14.062","18.911","4.849000000000002","41","3528.043","3567.502","39.45899999999983","266.3275614219157","290.9618167591759","24.634255337260242","278.72823121345454","278.9644884281088","8.428133413947227","4.803418803417896","20.95901639344464","0.6622804244512395","0.13935573207352553","0.20284345830563008","8.15428992682927","8.380678","2.208432024390244","4.896866","4.957447874583857","6.471432678621904","acceleration","heuristic_ms2_v1"
"C:\Users\?seoijfowfn\Saved Games\DCS\Tracks\DCS-NotTacView\20260923T202309Z_575000.export.zip","16","1","FA-18C_hornet","15.078","19.966","4.888000000000002","42","3546.733","3558.953","12.2199999999998","271.44378977573","296.0487717642571","24.604981988527072","283.88302335175297","284.00931083664443","2.8860702831465006","10.749999999998684","16.14788732394457","0.6190585696270432","0.12775857244935102","0.16214053644068063","8.09209838095238","8.376669","1.550452761904762","3.633349","5.006993727302394","6.471432678621904","acceleration","heuristic_ms2_v1"
"C:\Users\?seoijfowfn\Saved Games\DCS\Tracks\DCS-NotTacView\20260923T202309Z_575000.export.zip","17","1","FA-18C_hornet","16.066","20.923","4.856999999999999","42","3559.693","3545.74","-13.95300000000043","276.5906219812842","300.4833269874748","23.892705006190624","288.612646390995","288.7333044168833","-2.3700695715159257","16.230769230770335","10.789915966387461","0.6082771526955639","0.12724669367531605","0.16214053644068063","8.017816619047618","8.181827","1.324864","2.613759","5.02333851353545","6.471432678621904","acceleration","heuristic_ms2_v1"
"C:\Users\?seoijfowfn\Saved Games\DCS\Tracks\DCS-NotTacView\20260923T202309Z_575000.export.zip","18","1","FA-18C_hornet","17.057","21.924","4.867000000000001","42","3567.435","3526.328","-41.10699999999997","281.7019161134435","304.7688498356318","23.06693372218831","293.75778757364714","293.98444981401144","-8.324160651930367","21.895652173913593","5.424528301885174","0.5555389550180507","0.11839052983357488","0.15788320151122454","7.580455499999999","10.169683","1.503965","3.441835","4.930088689266935","6.471432678621904","descent","heuristic_ms2_v1"
"C:\Users\?seoijfowfn\Saved Games\DCS\Tracks\DCS-NotTacView\20260923T202309Z_575000.export.zip","19","1","FA-18C_hornet","18.016","22.973","4.957000000000001","43","3569.849","3498.727","-71.1220000000003","286.4676376118053","308.0851367295258","21.617499117720513","298.3266402293903","298.78085735891455","-14.210434489185717","31.889908256882293","0.2589928057558157","-0.3578512067222164","0.24836689224095074","1.3104861216352388","21.982309837209304","145.877363","2.346719627906977","6.886028","4.730435930543229","6.471432678621904","descent","heuristic_ms2_v1"
"C:\Users\?seoijfowfn\Saved Games\DCS\Tracks\DCS-NotTacView\20260923T202309Z_575000.export.zip","20","1","FA-18C_hornet","19.019","23.958","4.939","43","3566.916","3459.591","-107.32500000000027","291.51261329790674","310.5499431966857","19.037329898778978","302.1689023632616","303.0969848093073","-21.18617644412885","44.21600000000035","0.0","0.3772800909471812","0.3956556392928712","1.5452857425719475","43.6409168372093","175.739552","3.53982611627907","6.977965","4.53874640550963","6.051108725780594","descent","heuristic_ms2_v1"
"C:\Users\?seoijfowfn\Saved Games\DCS\Tracks\DCS-NotTacView\20260923T202309Z_575000.export.zip","21","1","FA-18C_hornet","20.068","24.952","4.884","43","3557.793","3412.454","-145.33899999999994","296.5621659807612","314.11600669551433","17.553840714753107","306.10560679104174","307.7570174951507","-29.416880602701415","50.26086956521431","0.0","0.712690353295443","0.46998428490724115","1.5452857425719475","50.15225786046511","175.739552","4.928010511627907","8.364786","4.426584908685931","5.652040022107996","descent","heuristic_ms2_v1"
"C:\Users\?seoijfowfn\Saved Games\DCS\Tracks\DCS-NotTacView\20260923T202309Z_575000.export.zip","22","1","FA-18C_hornet","21.04","25.943","4.903000000000002","43","3543.766","3362.663","-181.10300000000007","300.97824611685456","318.6742037290553","17.695957612200743","309.4184452510309","311.75237220127707","-36.20842588209471","52.90350877193301","0.0","2.2439816356857136","0.7598429035044969","4.660563568775263","53.999021883720935","175.739552","5.705886255813954","8.475307","4.179055888714095","5.840447447078691","descent","heuristic_ms2_v1"
"C:\Users\?seoijfowfn\Saved Games\DCS\Tracks\DCS-NotTacView\20260923T202309Z_575000.export.zip","23","1","FA-18C_hornet","22.025","26.88","4.855","42","3524.058","3340.568","-183.48999999999978","305.1926684982822","321.60632505667684","16.41365655839462","312.96432908379654","315.40724994945003","-37.27957809732165","52.90350877193301","0.0","5.790521234787263","1.489136431646212","4.660563568775263","58.51213561904762","175.739552","5.571371238095238","8.475307","3.305849458557896","5.840447447078691","descent","heuristic_ms2_v1"
"C:\Users\?seoijfowfn\Saved Games\DCS\Tracks\DCS-NotTacView\20260923T202309Z_575000.export.zip","24","1","FA-18C_hornet","23.08","27.972","4.892000000000003","42","3495.129","3357.15","-137.97899999999981","308.3265204360714","319.3987274599857","11.072207023914302","316.00393610443575","318.3362957060385","-28.304787510289852","52.90350877193301","34.43103448275995","9.209674269857942","1.8432335288325463","4.660563568775263","45.01396021428572","175.739552","6.241731023809525","11.711968","2.352721335416909","5.840447447078691","descent","heuristic_ms2_v1"
"C:\Users\?seoijfowfn\Saved Games\DCS\Tracks\DCS-NotTacView\20260923T202309Z_575000.export.zip","25","1","FA-18C_hornet","24.059","28.929","4.869999999999997","42","3455.062","3404.732","-50.32999999999993","310.96607507574225","316.60382533337014","5.637750257627886","317.5007269314327","320.0915677962051","-11.273123960707093","52.90350877193301","54.964285714286085","8.692936925003153","1.7618507798236032","4.660563568775263","22.241043857142856","58.456386","7.2015478095238095","12.637969","1.6010705826244156","5.840447447078691","descent","heuristic_ms2_v1"
"C:\Users\?seoijfowfn\Saved Games\DCS\Tracks\DCS-NotTacView\20260923T202309Z_575000.export.zip","26","1","FA-18C_hornet","25.058","29.957","4.899000000000001","42","3407.044","3459.219","52.17500000000018","314.48113020183195","318.5199406725801","4.03881047074816","318.5577258995034","321.32421445913724","10.21899754897007","52.90350877193301","54.964285714286085","8.347833536077928","1.678859167016459","4.660563568775263","14.845723428571429","30.775647","7.584068285714285","12.637969","0.8357709347060375","5.840447447078691","climb","heuristic_ms2_v1"
"C:\Users\?seoijfowfn\Saved Games\DCS\Tracks\DCS-NotTacView\20260923T202309Z_575000.export.zip","27","1","FA-18C_hornet","26.057","30.929","4.872","42","3358.195","3493.227","135.0319999999997","319.2544900116094","322.2888243725141","3.0343343609047224","319.38770794291594","321.77496637539684","26.465600105105107","39.192982456139966","54.964285714286085","6.082278476128863","1.4027710187877267","4.360802179773798","10.239664761904763","25.238048","7.133997714285714","12.637969","0.3103853759344296","1.2575728022858963","climb","heuristic_ms2_v1"
"C:\Users\?seoijfowfn\Saved Games\DCS\Tracks\DCS-NotTacView\20260923T202309Z_575000.export.zip","28","1","FA-18C_hornet","27.006","31.974","4.968","43","3340.135","3499.461","159.32599999999957","321.67002309707635","324.70064507537944","3.0306219783030883","320.06670050790376","322.2513966578211","31.28779782028101","7.820754716982692","54.964285714286085","2.3066403893681695","0.7027423736615762","3.3418320657072145","6.3404436046511625","21.245944","6.967738465116279","12.637969","0.6236452311428624","2.071814102793717","climb","heuristic_ms2_v1"
"C:\Users\?seoijfowfn\Saved Games\DCS\Tracks\DCS-NotTacView\20260923T202309Z_575000.export.zip","29","1","FA-18C_hornet","28.08","32.904","4.824000000000005","42","3361.351","3479.07","117.71900000000005","318.77882418503964","325.63193145542897","6.85310727038933","320.87562781713723","323.1314010536723","24.540948560384674","32.10476190475726","54.964285714286085","-0.20326306840820507","0.23832519771561053","0.9713395620776082","4.207165214285714","5.787723","6.394475","12.637969","1.2270137994210717","3.6397308030655826","climb","heuristic_ms2_v1"
"C:\Users\?seoijfowfn\Saved Games\DCS\Tracks\DCS-NotTacView\20260923T202309Z_575000.export.zip","30","1","FA-18C_hornet","29.042","33.919","4.876999999999995","43","3410.92","3432.908","21.98799999999983","316.74212299736763","325.50963312774735","8.76751013037972","322.5785666632658","324.7280325668718","5.23191265605417","57.19266055046082","54.76106194690205","-0.7390636399666732","0.17445729494486123","0.29028396612892504","3.9577172558139533","4.763448","6.033782395348838","11.737997","1.8577355816313086","3.6397308030655826","steady","heuristic_ms2_v1"
"C:\Users\?seoijfowfn\Saved Games\DCS\Tracks\DCS-NotTacView\20260923T202309Z_575000.export.zip","31","1","FA-18C_hornet","30.076","34.897","4.820999999999998","43","3464.761","3361.672","-103.08899999999994","318.970567444825","323.0353677656216","4.064800320796564","324.00798144325785","326.9515873245293","-21.100133154306775","85.57547169811106","46.57142857142796","-0.9670595443342904","0.19979237803770136","0.29028396612892504","3.781197","4.407752","7.099562767441861","16.617256","2.458156067087356","4.3945854389478125","descent","heuristic_ms2_v1"
"C:\Users\?seoijfowfn\Saved Games\DCS\Tracks\DCS-NotTacView\20260923T202309Z_575000.export.zip","32","1","FA-18C_hornet","31.04","35.897","4.856999999999999","44","3495.403","3259.818","-235.58499999999958","322.63992777717175","318.52442491791334","-4.115502859258413","323.93596043519943","329.69056626614434","-47.78908698472748","114.85964912280627","19.603603603602867","-0.961106520887256","0.20001626547191284","0.2621962197355118","3.6800093863636363","4.240514","10.192920772727273","21.477912","3.1508408326449877","4.791812415824113","descent","heuristic_ms2_v1"
"C:\Users\?seoijfowfn\Saved Games\DCS\Tracks\DCS-NotTacView\20260923T202309Z_575000.export.zip","33","1","FA-18C_hornet","32.083","36.943","4.859999999999999","44","3498.259","3122.117","-376.1419999999998","324.8366618951654","310.85811130782054","-13.978550587344841","322.08288430076345","333.2261252040685","-75.85249582199359","144.69421487603734","0.0","-0.9831737172981434","0.2030517450015905","0.27300629540454174","3.7282910454545455","3.998412","14.796671340909091","26.436082","3.6603820602241","5.324318479674753","descent","heuristic_ms2_v1"
"C:\Users\?seoijfowfn\Saved Games\DCS\Tracks\DCS-NotTacView\20260923T202309Z_575000.export.zip","34","1","FA-18C_hornet","33.015","37.977","4.961999999999996","45","3475.226","2957.27","-517.9560000000001","325.7045581873153","295.97163867425417","-29.73291951306112","317.66202939900745","336.3538148753398","-102.2674509454933","170.77227722772477","0.0","-1.1010781484108065","0.22058881418358847","0.304470878483281","3.8255076444444445","4.151852","19.321687266666665","31.18564","2.8783317451587904","5.324318479674753","descent","heuristic_ms2_v1"
"C:\Users\?seoijfowfn\Saved Games\DCS\Tracks\DCS-NotTacView\20260923T202309Z_575000.export.zip","35","1","FA-18C_hornet","34.025","38.965","4.940000000000005","44","3426.523","2776.396","-650.127","325.3422018826008","279.17921789716587","-46.16298398543495","310.38854973261203","338.58438058873685","-128.60225507617272","192.71818181816687","0.0","-1.211962090958707","0.24484615726108763","0.3489083013385439","3.9448070454545454","4.312368","23.958604886363638","35.618982","1.821913539899223","5.324318479674753","descent","heuristic_ms2_v1"
"C:\Users\?seoijfowfn\Saved Games\DCS\Tracks\DCS-NotTacView\20260923T202309Z_575000.export.zip","36","1","FA-18C_hornet","35.014","39.976","4.961999999999996","43","3351.275","2570.178","-781.0970000000002","322.622342703195","262.47226840996603","-60.150074293228954","299.758717024442","339.7532331754196","-154.42350110665774","211.64102564103194","0.0","-1.2736088172620157","0.2577182335371156","0.4573517070524524","4.080224813953489","4.418442","28.515050302325584","38.621824","0.6849625992129329","5.324318479674753","descent","heuristic_ms2_v1"
"C:\Users\?seoijfowfn\Saved Games\DCS\Tracks\DCS-NotTacView\20260923T202309Z_575000.export.zip","37","1","FA-18C_hornet","36.013","40.938","4.925000000000004","42","3246.104","2363.361","-882.7429999999999","317.8856847004976","255.41219193429743","-62.473492766200195","287.2027764221709","339.619926546881","-177.2755922855245","215.98333333333895","0.0","-1.047866564796152","0.22827336180186358","0.4573517070524524","4.186569595238096","4.418442","32.35221645238095","38.621824","-0.8402561319315447","5.324318479674753","descent","heuristic_ms2_v1"
"C:\Users\?seoijfowfn\Saved Games\DCS\Tracks\DCS-NotTacView\20260923T202309Z_575000.export.zip","38","1","FA-18C_hornet","37.053","41.962","4.909000000000006","42","3105.86","2147.174","-958.6860000000001","309.49443592517594","258.8236013250716","-50.67083460010434","274.73049529332985","337.6959396749628","-194.3240904152888","215.98333333333895","0.0","-0.5042161687264297","0.2368701314294042","0.4573517070524524","4.2207336190476195","4.418442","34.91243323809524","38.621824","-2.4947866321413263","4.3062152981651565","descent","heuristic_ms2_v1"
"C:\Users\?seoijfowfn\Saved Games\DCS\Tracks\DCS-NotTacView\20260923T202309Z_575000.export.zip","39","1","FA-18C_hornet","38.115","42.948","4.832999999999998","42","2933.321","1957.049","-976.2719999999999","294.0137118771693","269.95813762824514","-24.055574248924188","266.6572196286947","334.5449582697106","-201.353979482819","215.98333333333895","0.0","0.2684375969190569","0.28865907717242417","0.5453861851131638","4.146405023809524","4.418442","35.36704185714286","38.621824","-3.3380468453845227","5.645847528501724","descent","heuristic_ms2_v1"
"C:\Users\?seoijfowfn\Saved Games\DCS\Tracks\DCS-NotTacView\20260923T202309Z_575000.export.zip","40","1","FA-18C_hornet","39.181","43.97","4.7890000000000015","43","2734.016","1786.326","-947.69","276.28703786373774","279.7661501435193","3.4791122797815888","264.7841791996281","330.9336157952177","-197.59855208863573","215.98333333333895","0.0","1.03876938048586","0.3278675061557893","0.5453861851131638","3.9850596046511626","4.418442","33.83422369767442","38.621824","-3.9556827212095764","6.261304022990576","descent","heuristic_ms2_v1"
"C:\Users\?seoijfowfn\Saved Games\DCS\Tracks\DCS-NotTacView\20260923T202309Z_575000.export.zip","41","1","FA-18C_hornet","40.153","44.91","4.756999999999998","43","2532.436","1653.96","-878.4760000000001","260.63199211396704","286.53931589192524","25.907323777958197","267.5531465273964","326.98837637026793","-185.67595986324065","215.98333333333895","0.0","1.6854638056062186","0.3574260777030947","0.5526309939914719","3.7688594651162792","4.383183","30.865940023255817","38.567534","-4.658224037297986","7.41560546197834","descent","heuristic_ms2_v1"
"C:\Users\?seoijfowfn\Saved Games\DCS\Tracks\DCS-NotTacView\20260923T202309Z_575000.export.zip","42","1","FA-18C_hornet","41.053","45.909","4.856000000000002","44","2338.627","1538.828","-799.799","255.35924521053695","290.3008979752358","34.94165276469883","273.79919890025275","322.2495920344548","-165.9608591679719","215.0782608695741","0.0","2.0002813039348553","0.40938886869120045","0.5526309939914719","3.5236936818181817","4.221883","26.845930681818178","37.57913","-5.1238214358149925","7.41560546197834","descent","heuristic_ms2_v1"
"C:\Users\?seoijfowfn\Saved Games\DCS\Tracks\DCS-NotTacView\20260923T202309Z_575000.export.zip","43","1","FA-18C_hornet","42.079","46.9","4.820999999999998","44","2123.395","1440.147","-683.248","260.010793372018","288.4468291184232","28.436035746405196","280.55472393488947","316.9144319224184","-143.12626320545263","203.23931623932086","0.0","1.854044782055496","0.3883174710512062","0.5526309939914719","3.2952991590909093","3.88921","22.86491093181818","33.481553","-5.35796712534754","7.41560546197834","descent","heuristic_ms2_v1"
"C:\Users\?seoijfowfn\Saved Games\DCS\Tracks\DCS-NotTacView\20260923T202309Z_575000.export.zip","44","1","FA-18C_hornet","43.055","47.885","4.829999999999998","43","1937.888","1347.258","-590.6299999999999","271.13710615056664","285.5634786410832","14.426372490516542","284.9506496767063","311.850143462156","-123.68179444272063","179.07476635514186","0.0","1.4812645631145074","0.3150681747632391","0.5526309939914719","3.129929534883721","3.578046","19.87924588372093","28.720662","-5.184919862767575","7.41560546197834","descent","heuristic_ms2_v1"
"C:\Users\?seoijfowfn\Saved Games\DCS\Tracks\DCS-NotTacView\20260923T202309Z_575000.export.zip","45","1","FA-18C_hornet","44.07","48.94","4.869999999999997","43","1771.112","1251.927","-519.1850000000002","280.6678136760808","282.53751942060023","1.8697057445194218","286.6749457588223","306.7026895568333","-107.58935968711154","152.13999999999726","0.0","1.1366216130148814","0.2422092238744655","0.5526309939914719","2.999779209302326","3.323331","17.62728704651163","23.900434","-4.8301378307473275","7.41560546197834","descent","heuristic_ms2_v1"
"C:\Users\?seoijfowfn\Saved Games\DCS\Tracks\DCS-NotTacView\20260923T202309Z_575000.export.zip","46","1","FA-18C_hornet","45.013","49.907","4.893999999999998","42","1640.907","1167.952","-472.9549999999999","287.1341601934878","280.0536842956914","-7.0804758977963616","286.2955688577065","302.69791028638133","-97.84682886756093","126.72815533980501","0.0","0.8509825316406818","0.18426276247498538","0.4169552328263419","2.9177684285714287","3.132524","16.442879357142857","19.435713","-4.408142437904104","6.314391978713911","descent","heuristic_ms2_v1"
"C:\Users\?seoijfowfn\Saved Games\DCS\Tracks\DCS-NotTacView\20260923T202309Z_575000.export.zip","47","1","FA-18C_hornet","46.028","50.95","4.922000000000004","42","1526.505","1080.86","-445.6450000000002","290.366693937092","277.384633767586","-12.982060169505985","284.03300653242934","298.28574480024116","-90.99814654431462","103.55462184873856","0.0","0.6327320031242607","0.13405280606629336","0.2736239006014694","2.841198238095238","2.998797","15.802699904761905","16.820372","-3.954980796835943","5.425311034046306","descent","heuristic_ms2_v1"
"C:\Users\?seoijfowfn\Saved Games\DCS\Tracks\DCS-NotTacView\20260923T202309Z_575000.export.zip","48","1","FA-18C_hornet","47.045","51.954","4.908999999999999","42","1426.207","1000.383","-425.82400000000007","288.08767612480665","275.06811808740275","-13.019558037403897","281.13838990752316","294.26853884118754","-86.84023789079795","96.1379310344795","0.0","0.5864049729056546","0.12052649939408824","0.15914299926031775","2.771091833333333","2.936012","15.292847547619049","16.494574","-3.616377070560356","5.145233348471327","descent","heuristic_ms2_v1"
"C:\Users\?seoijfowfn\Saved Games\DCS\Tracks\DCS-NotTacView\20260923T202309Z_575000.export.zip","49","1","FA-18C_hornet","48.027","52.967","4.939999999999998","43","1334.19","922.504","-411.68600000000004","285.17644548840593","272.8735051507489","-12.302940337657049","278.55580997753566","290.7889569302594","-83.37629408821901","92.02816901408244","0.0","0.5775707849049354","0.11790944048142779","0.15670824787713478","2.7094277209302327","2.867696","14.803621255813953","16.011271","-3.3804033932718647","4.653619375871574","descent","heuristic_ms2_v1"
"C:\Users\?seoijfowfn\Saved Games\DCS\Tracks\DCS-NotTacView\20260923T202309Z_575000.export.zip","50","1","FA-18C_hornet","49.066","53.931","4.864999999999995","42","1240.806","851.473","-389.3330000000001","282.2135878954765","270.86786351346615","-11.34572438201036","276.1273751977807","287.5152996136807","-80.0402075373893","88.26190476190037","0.0","0.5623308124061168","0.11660539162778241","0.15670824787713478","2.651945214285714","2.800491","14.302032857142857","15.519585","-3.1841190315432613","4.55534176092479","descent","heuristic_ms2_v1"
"C:\Users\?seoijfowfn\Saved Games\DCS\Tracks\DCS-NotTacView\20260923T202309Z_575000.export.zip","51","1","FA-18C_hornet","50.013","54.934","4.920999999999999","44","1158.937","791.205","-367.73199999999986","279.6904325262497","271.8053221079223","-7.885110418327429","274.3318076134843","284.4900758579659","-74.83913628037229","85.04716981132037","0.0","0.9772223224981644","0.20342293808704748","1.4845022125736027","3.0085009545454544","11.530409","12.678504818181818","15.071036","-3.563371484804176","8.086746155662889","descent","heuristic_ms2_v1"
"C:\Users\?seoijfowfn\Saved Games\DCS\Tracks\DCS-NotTacView\20260923T202309Z_575000.export.zip","52","1","FA-18C_hornet","51.09","55.936","4.8459999999999965","43","1069.441","772.762","-296.6790000000001","277.0885960685238","267.072477080142","-10.016118988381834","272.59911823294163","280.58293843034437","-62.39628054697732","81.56428571428445","0.0","5.616497147533096","1.100602023357965","6.378113189781417","7.440426651162792","30.141174","10.360859302325581","14.551132","-4.438339664711407","10.731587455540852","descent","heuristic_ms2_v1"
"C:\Users\?seoijfowfn\Saved Games\DCS\Tracks\DCS-NotTacView\20260923T202309Z_575000.export.zip","53","1","FA-18C_hornet","52.056","56.962","4.906000000000006","43","992.391","795.283","-197.10799999999995","274.83294925279307","254.99032374448302","-19.84262550831005","269.39722467979294","275.25041011840625","-40.95975310605165","78.35294117647382","39.10476190476037","12.424428903699038","2.4944247662180348","7.656319225955977","13.880591511627909","35.38873","9.64261676744186","14.444974","-5.639328593187847","10.731587455540852","descent","heuristic_ms2_v1"
"C:\Users\?seoijfowfn\Saved Games\DCS\Tracks\DCS-NotTacView\20260923T202309Z_575000.export.zip","54","1","FA-18C_hornet","53.082","57.963","4.881","43","913.873","852.349","-61.524","272.6308970346562","238.4049294890251","-34.22596754563108","263.57044054914076","268.61752971856754","-12.90216510869648","75.05217391304194","70.14851485148614","20.750758251705065","4.239667073978993","9.73969349537916","22.207707162790697","46.019988","10.610194534883721","21.409346","-6.998571193275444","10.731587455540852","descending_turn","heuristic_ms2_v1"
"C:\Users\?seoijfowfn\Saved Games\DCS\Tracks\DCS-NotTacView\20260923T202309Z_575000.export.zip","55","1","FA-18C_hornet","54.041","58.88","4.839000000000006","43","843.581","926.856","83.27499999999998","270.7041409641123","223.21676790651648","-47.48737305759582","255.69231536396046","261.53835127353415","15.949629702999692","71.74545454545436","87.30392156862388","30.323333416914807","6.19498982953032","12.16375587365562","32.648026046511625","70.067106","12.570310790697675","24.636405","-8.253681810535966","10.731587455540852","climbing_turn","heuristic_ms2_v1"
"C:\Users\?seoijfowfn\Saved Games\DCS\Tracks\DCS-NotTacView\20260923T202309Z_575000.export.zip","56","1","FA-18C_hornet","55.064","59.931","4.866999999999997","43","786.404","1019.685","233.28099999999995","271.6695695636004","212.71871009063221","-58.950859472968204","244.34093421766798","252.4006075722644","46.97995677857428","36.930769230768846","88.75652173912884","42.7804351229575","8.739750429129694","14.523403260885146","48.230345953488374","83.073754","15.876352906976745","24.636405","-9.086788863434855","10.731587455540852","climbing_turn","heuristic_ms2_v1"
"C:\Users\?seoijfowfn\Saved Games\DCS\Tracks\DCS-NotTacView\20260923T202309Z_575000.export.zip","57","1","FA-18C_hornet","56.048","60.894","4.8459999999999965","44","773.244","1100.998","327.754","266.0221301999677","205.72508112617257","-60.29704907379514","232.40156632138044","243.4905804011663","66.39070765730868","0.0","88.75652173912884","50.91555850134978","10.487640216993936","14.730731880294078","60.135090477272726","89.42809","19.497370204545454","24.636405","-9.282517812408464","10.599794252470499","climbing_turn","heuristic_ms2_v1"
"C:\Users\?seoijfowfn\Saved Games\DCS\Tracks\DCS-NotTacView\20260923T202309Z_575000.export.zip","58","1","FA-18C_hornet","57.068","62.0","4.932000000000002","45","799.824","1183.775","383.95100000000014","253.40839367266895","200.15651682153387","-53.25187685113508","220.0897979589145","233.67180425081855","77.09694456390194","0.0","88.75652173912884","59.44861183372569","12.014547494772419","15.018508339682441","72.67163373333332","94.712594","21.19204211111111","24.636405","-9.208069729327871","10.599794252470499","climbing_turn","heuristic_ms2_v1"
"C:\Users\?seoijfowfn\Saved Games\DCS\Tracks\DCS-NotTacView\20260923T202309Z_575000.export.zip","59","1","FA-18C_hornet","58.074","62.984","4.910000000000004","44","860.445","1244.563","384.11800000000005","236.49688303665826","195.66334040882086","-40.8335426278374","210.75257209795288","224.99370463407257","78.43118986226129","0.0","88.75652173912884","64.44033838863646","13.107749062547562","16.51855314212342","82.13194729545454","95.477514","20.903156954545455","24.636405","-8.94651979971469","10.599794252470499","climbing_turn","heuristic_ms2_v1"
"C:\Users\?seoijfowfn\Saved Games\DCS\Tracks\DCS-NotTacView\20260923T202309Z_575000.export.zip","60","1","FA-18C_hornet","59.001","63.981","4.980000000000004","45","937.509","1307.629","370.1199999999999","221.79098071300572","180.12785367521994","-41.663127037785785","202.98246225449842","216.50135408490485","74.89478380368597","0.0","88.75652173912884","64.8725150252161","13.01672886764149","16.51855314212342","78.62069357777779","95.477514","21.392510422222223","34.456221","-8.895365669577846","12.01084833461079","climbing_turn","heuristic_ms2_v1"
"C:\Users\?seoijfowfn\Saved Games\DCS\Tracks\DCS-NotTacView\20260923T202309Z_575000.export.zip","61","1","FA-18C_hornet","60.046","64.896","4.850000000000001","44","1029.699","1388.161","358.462","211.66495035707757","154.73292816269193","-56.93202219438564","193.54990452424656","207.79145710192276","74.4154676977576","0.0","98.14563106796794","55.35506599558886","11.542126207387826","16.51855314212342","67.06348263636363","95.477514","24.611134954545456","45.728243","-9.497832567483616","16.524060667483337","climbing_turn","heuristic_ms2_v1"
"C:\Users\?seoijfowfn\Saved Games\DCS\Tracks\DCS-NotTacView\20260923T202309Z_575000.export.zip","62","1","FA-18C_hornet","61.013","65.932","4.919000000000004","43","1110.54","1501.203","390.663","205.0597979714949","122.34079642102206","-82.71900155047284","179.85206027241463","198.17076988324916","78.81688602759806","0.0","116.7913043478172","46.01128986846231","9.61358637643639","16.51855314212342","52.46354960465116","95.477514","30.577863139534884","59.330541","-10.347448819197469","16.524060667483337","climbing_turn","heuristic_ms2_v1"
"C:\Users\?seoijfowfn\Saved Games\DCS\Tracks\DCS-NotTacView\20260923T202309Z_575000.export.zip","63","1","FA-18C_hornet","62.0","66.958","4.957999999999998","43","1183.775","1627.544","443.769","200.15651682153387","90.94098456168959","-109.21553225984428","159.30961922508226","186.72894156164298","88.75702146572512","0.0","127.01769911504533","36.61959726430325","7.623127025941682","16.51855314212342","35.46339169767442","95.477514","40.04087283720931","68.15535","-11.208347312254904","16.524060667483337","climbing_turn","heuristic_ms2_v1"
"C:\Users\?seoijfowfn\Saved Games\DCS\Tracks\DCS-NotTacView\20260923T202309Z_575000.export.zip","64","1","FA-18C_hornet","63.098","67.988","4.890000000000001","43","1251.054","1759.54","508.4859999999999","194.75568297228563","77.17237083790488","-117.58331213438075","134.71563965967815","174.91634910739242","102.43873484344122","0.0","128.84745762710818","24.07022059191661","5.244766919376609","14.391751829965754","18.17398248837209","71.533643","49.74159979069767","68.276627","-11.100241319809106","16.524060667483337","climbing_turn","heuristic_ms2_v1"
"C:\Users\?seoijfowfn\Saved Games\DCS\Tracks\DCS-NotTacView\20260923T202309Z_575000.export.zip","65","1","FA-18C_hornet","64.082","68.908","4.826000000000008","42","1315.377","1869.903","554.5260000000001","177.53486768923236","86.35816882283576","-91.17669886639659","113.08725097530487","164.14467566769903","114.19537055108185","0.0","128.84745762710818","12.952325819479938","3.4850224282037567","5.680252887300457","10.249683119047619","19.881542","54.25512388095238","68.276627","-10.513221594749623","16.524060667483337","climb","heuristic_ms2_v1"
"C:\Users\?seoijfowfn\Saved Games\DCS\Tracks\DCS-NotTacView\20260923T202309Z_575000.export.zip","66","1","FA-18C_hornet","65.006","69.939","4.932999999999993","43","1399.209","1977.245","578.0359999999998","151.63675602094008","98.41688109182853","-53.219874929111555","98.96698535761426","154.53224186258345","117.06200083552095","0.0","128.84745762710818","7.239430453239208","2.929456317625325","4.788926844462306","8.400918093023256","12.322199","53.519107581395346","68.276627","-8.89742943460895","15.388471737201742","climb","heuristic_ms2_v1"
"C:\Users\?seoijfowfn\Saved Games\DCS\Tracks\DCS-NotTacView\20260923T202309Z_575000.export.zip","67","1","FA-18C_hornet","66.04","70.858","4.817999999999998","43","1513.981","2059.93","545.9489999999998","118.66634630004422","106.63915976675375","-12.027186533290475","92.70267961729282","147.39742292457956","113.5074484411241","0.0","128.84745762710818","2.248563295508859","2.4248269097118613","4.788926844462306","7.5805277906976745","11.330247","50.09866002325582","68.276627","-6.698872972425315","14.502650422673234","climb","heuristic_ms2_v1"
"C:\Users\?seoijfowfn\Saved Games\DCS\Tracks\DCS-NotTacView\20260923T202309Z_575000.export.zip","68","1","FA-18C_hornet","67.069","71.932","4.8629999999999995","43","1641.712","2147.152","505.44000000000005","88.0397875212919","110.74130568422011","22.70151816292821","93.73707987399838","142.07720008881952","104.72652846077645","0.0","128.84745762710818","-2.4419140880937107","1.5586853986846607","4.6017655620000255","6.787073511627907","10.849132","44.47783525581395","68.276627","-4.062964539602947","10.444607564649418","climb","heuristic_ms2_v1"
"C:\Users\?seoijfowfn\Saved Games\DCS\Tracks\DCS-NotTacView\20260923T202309Z_575000.export.zip","69","1","FA-18C_hornet","68.101","72.934","4.832999999999998","43","1773.741","2227.211","453.4699999999998","77.7256940759005","109.63679048608556","31.911096410185053","99.96050927759005","138.90096371723868","94.63070076965174","0.0","125.67256637168211","-3.9117900253484663","1.1209415942622107","2.618145013318945","6.6171616511627915","7.850138","40.18701088372093","52.191323","-2.5093459190193","7.27966893679942","climb","heuristic_ms2_v1"
"C:\Users\?seoijfowfn\Saved Games\DCS\Tracks\DCS-NotTacView\20260923T202309Z_575000.export.zip","70","1","FA-18C_hornet","69.01","73.908","4.897999999999996","44","1881.297","2307.346","426.049","87.95935206031909","106.87546919477025","18.916117134451156","104.9715587338727","137.1035676535024","87.44399116985416","0.0","111.705882352937","-1.1433466811928383","0.9471526316479776","2.618145013318945","7.154084227272727","8.25539","40.04640820454545","46.151069","-1.4541051892954995","7.27966893679942","climb","heuristic_ms2_v1"
"C:\Users\?seoijfowfn\Saved Games\DCS\Tracks\DCS-NotTacView\20260923T202309Z_575000.export.zip","71","1","FA-18C_hornet","70.042","74.906","4.864000000000004","43","1987.073","2392.573","405.4999999999998","99.48388843964254","103.44145511870275","3.957566679060207","107.4012660273418","136.18212279555237","83.5805285800547","0.0","95.4174757281493","1.60283999558726","0.7966338420259428","1.3948305398902452","7.642748883720929","8.690077","41.6329251627907","48.038759","-0.6354804534866332","3.0284066369428673","climb","heuristic_ms2_v1"
"C:\Users\?seoijfowfn\Saved Games\DCS\Tracks\DCS-NotTacView\20260923T202309Z_575000.export.zip","72","1","FA-18C_hornet","71.012","75.975","4.962999999999994","44","2072.85","2487.314","414.46399999999994","107.536645402639","99.39372622474686","-8.14291917789214","106.91253239091428","135.69056863521902","83.41795868489903","0.0","90.05217391304546","3.7808210922567014","0.8130877417801756","1.392685197103821","8.088049727272727","9.268193","44.362531","50.166257","-0.45348335997555017","1.0664901614407645","climb","heuristic_ms2_v1"
"C:\Users\?seoijfowfn\Saved Games\DCS\Tracks\DCS-NotTacView\20260923T202309Z_575000.export.zip","73","1","FA-18C_hornet","72.033","76.936","4.903000000000006","43","2155.177","2575.304","420.12699999999995","110.79340458116889","95.38477870475518","-15.408625876413709","104.55454523603886","135.1563228462548","85.41283046414443","0.0","92.70796460175963","5.029945864763306","1.0152971618114692","1.6554715165126548","8.546535348837208","9.901153","46.99663853488372","52.220942","-0.6593754671417973","1.571916401351849","climb","heuristic_ms2_v1"
"C:\Users\?seoijfowfn\Saved Games\DCS\Tracks\DCS-NotTacView\20260923T202309Z_575000.export.zip","74","1","FA-18C_hornet","73.055","77.928","4.8729999999999905","42","2237.013","2668.639","431.6260000000002","109.36512251690989","90.99450024568188","-18.370622271228015","101.1024437120535","134.3690002569122","88.24063702568755","0.0","95.10526315790048","5.719241304214847","1.1679756546269446","1.7104797024738603","9.074852404761904","10.694709","49.18326026190476","54.443359","-0.900987141278196","1.7106685813543963","climb","heuristic_ms2_v1"
"C:\Users\?seoijfowfn\Saved Games\DCS\Tracks\DCS-NotTacView\20260923T202309Z_575000.export.zip","75","1","FA-18C_hornet","74.019","78.903","4.884","42","2316.667","2762.517","445.8499999999999","106.5098910151692","86.29852184346804","-20.211369171701165","96.85685849614075","133.25266103043845","91.24538315912517","0.0","97.15384615384511","6.371718874348971","1.314959428383392","1.7104797024738603","9.747743833333333","11.656295","51.42653402380952","56.730011","-1.171211658344155","1.8438630268114358","climb","heuristic_ms2_v1"
"C:\Users\?seoijfowfn\Saved Games\DCS\Tracks\DCS-NotTacView\20260923T202309Z_575000.export.zip","76","1","FA-18C_hornet","75.053","80.0","4.947000000000003","44","2405.394","2870.217","464.8230000000003","102.98848692905479","80.83201077154412","-22.156476157510667","92.30875356061512","131.85809518231224","93.8837512289751","0.0","98.9478260869601","7.259739782448719","1.469821137781617","2.239639584051904","10.569447522727273","13.018096","53.72388797727273","59.405857","-1.4520956874877124","2.5026692942116546","climb","heuristic_ms2_v1"
"C:\Users\?seoijfowfn\Saved Games\DCS\Tracks\DCS-NotTacView\20260923T202309Z_575000.export.zip","77","1","FA-18C_hornet","76.09","80.915","4.825000000000003","43","2497.708","2961.328","463.6199999999999","98.93087594568033","76.04369288556049","-22.88718306011984","87.82112608780727","130.3171042712327","96.03414783101255","0.0","99.9999999999954","7.970003930274402","1.6565073068364582","2.458447463670213","10.805029558139534","13.360988","55.975899627906976","62.004259","-1.737895287364626","2.6784250750054777","climb","heuristic_ms2_v1"
"C:\Users\?seoijfowfn\Saved Games\DCS\Tracks\DCS-NotTacView\20260923T202309Z_575000.export.zip","78","1","FA-18C_hornet","77.04","81.955","4.914999999999992","44","2584.976","3065.419","480.44299999999976","94.91548124173092","70.32915743625962","-24.586323805471295","82.96439311811012","128.35172459723861","97.68684316720295","0.0","100.44761904761549","1.802183867653639","2.4346117504671683","12.389566360662595","21.01654359090909","117.547883","57.72597252272727","62.718765","-2.305872457866135","5.418673124840885","climb","heuristic_ms2_v1"
"C:\Users\?seoijfowfn\Saved Games\DCS\Tracks\DCS-NotTacView\20260923T202309Z_575000.export.zip","79","1","FA-18C_hornet","78.043","82.991","4.947999999999993","45","2679.609","3161.249","481.6399999999999","90.42091094187909","79.95635607375158","-10.464554868127507","79.55444869858806","125.7855424732055","97.27569348364428","0.0","100.44761904761549","-6.58886124688928","3.458547810457322","12.389566360662595","50.15184035555556","175.864298","55.6527102","62.718765","-2.7652496853307977","5.418673124840885","climb","heuristic_ms2_v1"
"C:\Users\?seoijfowfn\Saved Games\DCS\Tracks\DCS-NotTacView\20260923T202309Z_575000.export.zip","80","1","FA-18C_hornet","79.004","83.992","4.9879999999999995","45","2772.348","3241.145","468.797","85.79719345777866","88.9873513622939","3.1901579045152317","78.94749460789946","123.02380840911677","93.9771847470011","0.0","100.44761904761549","-7.660335561095735","3.2506443224273545","12.389566360662595","82.42711308888889","178.822931","52.36407444444445","62.718765","-2.5829799949219576","5.418673124840885","climb","heuristic_ms2_v1"
"C:\Users\?seoijfowfn\Saved Games\DCS\Tracks\DCS-NotTacView\20260923T202309Z_575000.export.zip","81","1","FA-18C_hornet","80.0","84.942","4.941999999999993","44","2870.217","3305.76","435.5430000000001","80.83201077154412","98.73497620431051","17.902965432766393","80.74406699728723","120.60755800147476","88.44694256858466","0.0","100.44761904761549","-7.270555646649086","3.370364874872122","12.389566360662595","111.63257381818181","178.822931","46.24846677272728","62.718765","-2.4974131857857396","5.418673124840885","climb","heuristic_ms2_v1"
"C:\Users\?seoijfowfn\Saved Games\DCS\Tracks\DCS-NotTacView\20260923T202309Z_575000.export.zip","82","1","FA-18C_hornet","81.032","85.953","4.9210000000000065","44","2973.042","3348.007","374.96500000000015","75.36920499162164","102.27594573224339","26.906740740621743","85.48830848030656","117.25522838668404","76.67453358827409","0.0","100.44761904761549","-4.450373455851377","3.9387687835624545","12.389566360662595","141.9638658181818","178.822931","35.509167727272725","62.718765","-3.9265552946937166","10.7830516059832","climb","heuristic_ms2_v1"
"C:\Users\?seoijfowfn\Saved Games\DCS\Tracks\DCS-NotTacView\20260923T202309Z_575000.export.zip","83","1","FA-18C_hornet","82.069","86.897","4.828000000000003","43","3076.608","3359.538","282.92999999999984","70.5966464915257","97.92831274907887","27.331666257553167","90.98205187911731","112.98830204454896","59.86310243946134","0.0","98.14912280701651","6.534542500101509","3.8538701566192284","12.005778462861016","161.0973461627907","178.822931","28.890018093023258","51.462829","-4.766592617713317","10.7830516059832","climb","heuristic_ms2_v1"
"C:\Users\?seoijfowfn\Saved Games\DCS\Tracks\DCS-NotTacView\20260923T202309Z_575000.export.zip","84","1","FA-18C_hornet","83.106","87.975","4.869","44","3170.988","3345.01","174.0220000000004","81.18576021083031","88.5270538746624","7.34129366383209","94.7426724562688","107.49990486732595","36.52021158084237","24.261261261261254","84.68695652174318","17.57885485963152","3.549749529959982","5.557048711471112","156.88735361363635","178.822931","29.801054136363636","52.742987","-5.174904927306077","10.7830516059832","climb","heuristic_ms2_v1"
"C:\Users\?seoijfowfn\Saved Games\DCS\Tracks\DCS-NotTacView\20260923T202309Z_575000.export.zip","85","1","FA-18C_hornet","84.112","88.903","4.791000000000011","43","3250.068","3313.107","63.03899999999976","89.96582848495773","78.74614477102904","-11.219683713928688","94.55878923925542","102.30130908289375","14.282995314068145","41.724409448815585","74.35833333334124","22.2149909146533","4.575205222937834","6.343508148433192","146.57257548837208","166.25791","32.98009411627907","60.442892","-5.6649467404625105","10.7830516059832","climbing_turn","heuristic_ms2_v1"
"C:\Users\?seoijfowfn\Saved Games\DCS\Tracks\DCS-NotTacView\20260923T202309Z_575000.export.zip","86","1","FA-18C_hornet","85.051","89.937","4.885999999999996","44","3311.878","3260.417","-51.46100000000024","99.80335276156816","66.71141240941363","-33.09194035215454","90.00504326231083","96.90589273172573","-8.894607561282088","57.636363636367285","56.12844036696735","27.134171466062185","5.552443931995971","9.012259865021774","132.02478093181819","161.117742","40.27466411363636","61.948791","-5.4572270841631685","10.7830516059832","descending_turn","heuristic_ms2_v1"
"C:\Users\?seoijfowfn\Saved Games\DCS\Tracks\DCS-NotTacView\20260923T202309Z_575000.export.zip","87","1","FA-18C_hornet","86.063","90.959","4.896000000000001","44","3350.671","3194.468","-156.20299999999997","102.0677940836203","54.7321548254112","-47.3356392582091","81.50356086943566","92.38439912573295","-30.651271392057506","69.45370370370296","24.21818181817976","32.52538428651178","6.61936033643849","12.906781786445249","112.64580456818182","155.734255","50.557784340909095","61.948791","-3.5053946151776456","9.60219723421384","descending_turn","heuristic_ms2_v1"
"C:\Users\?seoijfowfn\Saved Games\DCS\Tracks\DCS-NotTacView\20260923T202309Z_575000.export.zip","88","1","FA-18C_hornet","87.005","91.92","4.915000000000006","44","3359.319","3123.469","-235.8499999999999","97.14272851526675","44.98752000562585","-52.1552085096409","72.17557985319105","90.08391640469075","-46.393768607579425","76.87499999999633","0.0","41.69820341651774","8.351809769552542","16.61659023448539","93.29620677272727","146.389013","54.70400093181818","61.948791","-1.8332867941871256","7.1021051991184105","descending_turn","heuristic_ms2_v1"
"C:\Users\?seoijfowfn\Saved Games\DCS\Tracks\DCS-NotTacView\20260923T202309Z_575000.export.zip","89","1","FA-18C_hornet","88.099","92.952","4.852999999999994","43","3341.705","3041.313","-300.3919999999998","87.36587685792158","38.03687209160157","-49.329004766320004","60.755380072627545","88.98085033483271","-60.98229013417779","81.23893805309622","0.0","56.694307623759045","11.56015013426315","22.668327100309853","70.4991506511628","128.431804","53.97945974418605","61.948791","-0.422632052306709","3.8271519934226133","descending_turn","heuristic_ms2_v1"
"C:\Users\?seoijfowfn\Saved Games\DCS\Tracks\DCS-NotTacView\20260923T202309Z_575000.export.zip","90","1","FA-18C_hornet","89.04","93.924","4.884","44","3307.083","2961.589","-345.49400000000014","77.25094371379743","36.5435656534984","-40.70737806029903","51.782859551502405","88.95979218088002","-70.13405034481612","82.2456140350824","0.0","73.24620148884998","14.9087378713847","24.075299376667903","53.05771075","104.602209","48.9597920909091","61.948791","0.17231505166423922","1.6706539130438183","descending_turn","heuristic_ms2_v1"
"C:\Users\?seoijfowfn\Saved Games\DCS\Tracks\DCS-NotTacView\20260923T202309Z_575000.export.zip","91","1","FA-18C_hornet","90.04","94.939","4.898999999999987","44","3254.328","2878.873","-375.4549999999999","65.38790999291727","39.694032012510746","-25.693877980406526","44.83199746983933","89.26458140951527","-76.34591604136227","82.2456140350824","0.0","85.54849785584679","17.462696731384913","24.075299376667903","39.27824427272728","74.89926","41.24065384090909","60.899941","0.31912647571733416","0.7740563240195125","descending_turn","heuristic_ms2_v1"
"C:\Users\?seoijfowfn\Saved Games\DCS\Tracks\DCS-NotTacView\20260923T202309Z_575000.export.zip","92","1","FA-18C_hornet","91.09","95.936","4.846000000000004","43","3185.224","2800.492","-384.73199999999997","53.403277622327735","45.12939950397275","-8.273878118354986","41.222574968923496","89.51201652548212","-79.26343890157537","82.2456140350824","0.0","88.22812449793122","18.29638298229923","24.075299376667903","30.52531041860465","51.762175","32.86502613953488","54.244478","0.14393425249446842","1.0433049447542933","descending_turn","heuristic_ms2_v1"
"C:\Users\?seoijfowfn\Saved Games\DCS\Tracks\DCS-NotTacView\20260923T202309Z_575000.export.zip","93","1","FA-18C_hornet","92.023","96.926","4.903000000000006","43","3115.484","2727.166","-388.31799999999976","44.02089370189535","51.00859942210785","6.987705720212496","41.11513858033228","89.46057730858577","-79.28070775587406","82.2456140350824","0.0","82.8454777857539","17.30250484019136","24.075299376667903","25.147600046511627","39.420403","24.907540674418605","46.056666","-0.19280131455722563","1.464930003943123","descending_turn","heuristic_ms2_v1"
"C:\Users\?seoijfowfn\Saved Games\DCS\Tracks\DCS-NotTacView\20260923T202309Z_575000.export.zip","94","1","FA-18C_hornet","93.054","97.924","4.8700000000000045","42","3033.0","2658.906","-374.09400000000005","37.6190565843796","56.25809234053924","18.639035756159643","43.637733493626016","89.03439925701066","-77.15840873463766","82.2456140350824","0.0","67.39685330397387","14.506212117386466","24.075299376667903","20.87790526190476","30.945934","16.93875330952381","36.506224","-0.6136720176167808","1.8760995252212116","descending_turn","heuristic_ms2_v1"
"C:\Users\?seoijfowfn\Saved Games\DCS\Tracks\DCS-NotTacView\20260923T202309Z_575000.export.zip","95","1","FA-18C_hornet","94.029","98.898","4.869","41","2952.962","2598.333","-354.6289999999999","36.68358817910026","60.47384909232707","23.79026091322681","48.077168666779","88.16888003188787","-73.17808089294836","82.16190476191231","0.0","48.80287505978379","10.570721692878815","22.734512282975874","17.37114043902439","25.597042","11.19890456097561","27.722568","-1.0399144602587764","2.2032938998118508","descending_turn","heuristic_ms2_v1"
"C:\Users\?seoijfowfn\Saved Games\DCS\Tracks\DCS-NotTacView\20260923T202309Z_575000.export.zip","96","1","FA-18C_hornet","95.041","99.919","4.878","41","2870.689","2541.424","-329.2649999999999","40.18796115235946","63.7626337400471","23.574672587687637","53.452970814664354","86.79253671259568","-67.49665550353896","80.23529411764595","0.0","31.765361910285435","6.685288979970405","16.331668694157944","14.10471368292683","21.53008","8.310877780487806","19.194061","-1.430847979819941","2.2032938998118508","descending_turn","heuristic_ms2_v1"
"C:\Users\?seoijfowfn\Saved Games\DCS\Tracks\DCS-NotTacView\20260923T202309Z_575000.export.zip","97","1","FA-18C_hornet","96.05","100.975","4.924999999999997","43","2791.794","2489.526","-302.26800000000003","45.812591780730294","66.64064022315813","20.828048442427836","58.22437471722503","85.13082662379315","-61.16572070643284","76.29824561404452","0.0","19.838068641648135","4.085449684090803","11.624898263074465","11.119370627906978","18.246577","8.09702941860465","13.591567","-1.6100504734467158","2.2032938998118508","descending_turn","heuristic_ms2_v1"
"C:\Users\?seoijfowfn\Saved Games\DCS\Tracks\DCS-NotTacView\20260923T202309Z_575000.export.zip","98","1","FA-18C_hornet","97.039","101.961","4.921999999999997","44","2719.136","2447.302","-271.83399999999983","51.628748236608374","69.0509036245541","17.422155387945722","62.00215244936853","83.55510514456479","-55.086216888784264","71.06194690265693","0.0","11.720228706815647","2.4051665603060717","6.747396803125311","8.257560795454545","15.308039","9.611657977272728","17.140636","-1.6173806207801897","2.2032938998118508","descent","heuristic_ms2_v1"
"C:\Users\?seoijfowfn\Saved Games\DCS\Tracks\DCS-NotTacView\20260923T202309Z_575000.export.zip","99","1","FA-18C_hornet","98.041","102.996","4.954999999999998","45","2651.307","2409.273","-242.03399999999965","56.837781795973065","70.59998246914283","13.762200673169765","65.03986922304767","82.00480871803335","-49.018024499436414","64.94871794872475","0.0","5.780257237740784","1.4699563273364848","4.4568927651726895","5.9718565111111115","12.518575","13.006245733333333","21.69259","-1.6069235057207585","2.2032938998118508","descent","heuristic_ms2_v1"
"C:\Users\?seoijfowfn\Saved Games\DCS\Tracks\DCS-NotTacView\20260923T202309Z_575000.export.zip","100","1","FA-18C_hornet","99.013","103.924","4.911000000000001","45","2591.586","2380.283","-211.30299999999988","60.89766587590531","71.24495477188606","10.347288895980746","67.22583312170293","80.5839933635092","-43.50947473472742","58.669565217389255","0.0","1.4754868345408454","1.0382535808459463","2.6582029907773923","4.917038155555556","10.034948","16.212520622222222","23.663279","-1.5614463438710275","2.129122198652017","descent","heuristic_ms2_v1"
"C:\Users\?seoijfowfn\Saved Games\DCS\Tracks\DCS-NotTacView\20260923T202309Z_575000.export.zip","101","1","FA-18C_hornet","100.022","104.908","4.885999999999996","45","2536.054","2354.384","-181.67000000000007","64.02729985646958","72.43247490896982","8.40517505250024","69.09855443022197","79.15245470530333","-37.64941296256273","52.13592233009165","0.0","-2.0060551098160886","0.9217923878011806","1.6531941669391377","4.7722378","9.075085","18.281158577777777","23.663279","-1.2973024978195558","2.0947848463471144","descent","heuristic_ms2_v1"
"C:\Users\?seoijfowfn\Saved Games\DCS\Tracks\DCS-NotTacView\20260923T202309Z_575000.export.zip","102","1","FA-18C_hornet","101.08","105.942","4.861999999999995","44","2484.745","2331.859","-152.88599999999997","66.92749636758487","76.98975838482374","10.06226201723888","71.08888750917671","78.26835357784957","-31.783940534958642","45.53333333333112","0.0","-4.450901398384758","0.9757406355310999","1.6531941669391377","5.526491386363636","10.109237","18.194484659090907","23.663279","-0.2910893907390654","5.388070372232932","descent","heuristic_ms2_v1"
"C:\Users\?seoijfowfn\Saved Games\DCS\Tracks\DCS-NotTacView\20260923T202309Z_575000.export.zip","103","1","FA-18C_hornet","102.068","106.948","4.8799999999999955","44","2443.078","2312.271","-130.8069999999998","69.26331610756671","83.00920926526626","13.745893157699555","73.61513610098069","78.73771755888146","-27.00947923967733","39.47663551402044","0.0","-5.773013047943948","1.1704101530483746","1.6531941669391377","7.205668386363637","10.999999","16.99881343181818","23.663279","1.052899689638395","6.048389293365427","descent","heuristic_ms2_v1"
"C:\Users\?seoijfowfn\Saved Games\DCS\Tracks\DCS-NotTacView\20260923T202309Z_575000.export.zip","104","1","FA-18C_hornet","103.099","107.949","4.849999999999994","44","2405.826","2297.396","-108.42999999999984","70.69815704814114","85.76888686499997","15.07072981685883","76.66402557306635","80.20520075611401","-22.542558013081084","33.46601941747405","0.0","-7.192022384083657","1.4779169988981133","2.450269154043785","9.266905022727274","12.893767","16.867422931818183","23.663279","1.6729255959278595","6.048389293365427","descent","heuristic_ms2_v1"
"C:\Users\?seoijfowfn\Saved Games\DCS\Tracks\DCS-NotTacView\20260923T202309Z_575000.export.zip","105","1","FA-18C_hornet","104.034","108.983","4.948999999999998","45","2377.143","2289.205","-87.9380000000001","71.32578628030049","87.74050704958213","16.414720769281644","79.67262887420735","82.04015623840684","-18.057831181623417","28.545454545453534","0.0","-8.346791882102934","1.6812873092663787","2.661331885373529","10.789079244444444","13.798082","16.637407733333333","23.237518","2.1741029567557324","6.048389293365427","descent","heuristic_ms2_v1"
"C:\Users\?seoijfowfn\Saved Games\DCS\Tracks\DCS-NotTacView\20260923T202309Z_575000.export.zip","106","1","FA-18C_hornet","105.018","109.859","4.840999999999994","44","2351.796","2285.836","-65.96000000000004","72.68300778356496","91.55253546244226","18.869527678877304","83.12006528627603","84.59764600210521","-13.781652797727311","23.527272727274603","0.0","-8.18777192839093","1.690417645329582","2.661331885373529","11.900802954545453","13.895418","15.572142636363635","22.798347","3.1276301830993614","6.048389293365427","descent","heuristic_ms2_v1"
"C:\Users\?seoijfowfn\Saved Games\DCS\Tracks\DCS-NotTacView\20260923T202309Z_575000.export.zip","107","1","FA-18C_hornet","106.042","110.882","4.840000000000003","43","2329.824","2283.065","-46.759000000000015","77.65963619191324","97.04586232945256","19.386226137539325","87.02664342575474","87.89248381883021","-10.050403738156053","20.34999999999681","0.0","-8.088191007669593","1.6758701556572184","2.661331885373529","12.70067376744186","13.895418","15.735659093023255","22.798347","3.52652432110161","6.954902100150187","descent","heuristic_ms2_v1"
"C:\Users\?seoijfowfn\Saved Games\DCS\Tracks\DCS-NotTacView\20260923T202309Z_575000.export.zip","108","1","FA-18C_hornet","107.055","111.89","4.834999999999994","43","2310.381","2281.63","-28.75099999999975","83.59267077941637","102.44711944515619","18.854448665739824","91.158324342067","91.53617908677792","-6.258969858366849","17.663551401869984","0.0","-8.115003484319061","1.7030715153540041","2.661331885373529","13.434208093023255","14.092974","16.374141046511628","22.798347","3.528073567163333","6.954902100150187","acceleration","heuristic_ms2_v1"
"C:\Users\?seoijfowfn\Saved Games\DCS\Tracks\DCS-NotTacView\20260923T202309Z_575000.export.zip","109","1","FA-18C_hornet","108.089","112.887","4.798000000000002","42","2295.879","2282.673","-13.206000000000131","85.89717076805931","107.5541224510282","21.656951682968895","95.19485205500906","95.3025572932432","-3.027236909142385","10.835714285716243","2.2568807339417605","-7.34614787707153","1.5683630196968679","2.661331885373529","13.824911928571428","14.210972","15.096991690476191","22.798347","4.286199300711328","7.65091717502434","acceleration","heuristic_ms2_v1"
"C:\Users\?seoijfowfn\Saved Games\DCS\Tracks\DCS-NotTacView\20260923T202309Z_575000.export.zip","110","1","FA-18C_hornet","109.098","113.981","4.882999999999996","42","2288.648","2286.749","-1.899000000000342","88.13065709094947","113.09496840156466","24.964311310615187","100.35054610335779","100.3922843033354","-0.5373498352066358","4.843478260867946","4.769230769230097","-6.313347801285602","1.3229966294941482","2.169115762027294","13.509278547619047","14.210972","13.069749857142856","18.029189","5.109772199636035","7.65091717502434","acceleration","heuristic_ms2_v1"
"C:\Users\?seoijfowfn\Saved Games\DCS\Tracks\DCS-NotTacView\20260923T202309Z_575000.export.zip","111","1","FA-18C_hornet","110.002","114.92","4.918000000000006","42","2285.404","2292.032","6.628000000000156","92.22064725286928","118.07334702625073","25.852699773381445","105.32579292283833","105.3776041353982","1.2659543984565413","3.020979020977531","6.190909090909487","-5.841133130630851","1.199987714564148","2.169115762027294","13.0788825","14.210972","12.117324952380951","13.363377","5.325402011081619","7.65091717502434","acceleration","heuristic_ms2_v1"
"C:\Users\?seoijfowfn\Saved Games\DCS\Tracks\DCS-NotTacView\20260923T202309Z_575000.export.zip","112","1","FA-18C_hornet","111.019","115.957","4.937999999999988","43","2282.764","2298.969","16.204999999999927","97.71452115696663","123.70522288384608","25.99070172687945","110.65884153254582","110.74086558092901","3.1426286756992123","2.197080291970291","6.99009900990235","-5.38696514361493","1.0992780764501742","2.169115762027294","12.571472023255815","14.210972","11.525972837209302","12.870873","5.338085718700487","7.65091717502434","acceleration","heuristic_ms2_v1"
"C:\Users\?seoijfowfn\Saved Games\DCS\Tracks\DCS-NotTacView\20260923T202540Z_807999.export.zip","1","1","FA-18C_hornet","0.0","4.966","4.966","43","3655.217","3639.445","-15.771999999999935","176.98003143526202","208.3343214849958","31.354290049733777","204.08306757505142","204.11306426926248","-3.0981401352733773","5.306569343064684","0.0","-0.0037062409084001047","0.0012539442427149554","0.0035772905445195188","0.023611093023255814","0.032665","1.7929718604651164","2.291179","5.677672755817421","212.78751874007753","acceleration","heuristic_ms2_v1"
"C:\Users\?seoijfowfn\Saved Games\DCS\Tracks\DCS-NotTacView\20260923T202540Z_807999.export.zip","2","1","FA-18C_hornet","1.045","5.977","4.932","42","3651.725","3639.047","-12.677999999999884","204.12241141379474","210.90327225157571","6.780860837780978","205.74193522658186","205.7664979084265","-2.668345668838173","5.306569343064684","0.0","-0.0037520062492717443","0.0012487988402131774","0.0035772905445195188","0.029012690476190477","0.032665","2.1886189523809527","2.329182","1.3023502395025002","2.9328125787970367","steady","heuristic_ms2_v1"
"C:\Users\?seoijfowfn\Saved Games\DCS\Tracks\DCS-NotTacView\20260923T202540Z_807999.export.zip","3","1","FA-18C_hornet","2.021","6.915","4.894","42","3646.843","3639.337","-7.505999999999858","203.13667371974094","213.32455859745698","10.187884877716044","207.39115564852204","207.403603927611","-1.6366728294228792","4.522522522522097","0.555555555556022","-0.00295585214479388","0.0010279210070463548","0.003095817313461066","0.029571309523809524","0.032608","2.2751078571428573","2.358021","2.003527548674033","2.9328125787970367","steady","heuristic_ms2_v1"
"C:\Users\?seoijfowfn\Saved Games\DCS\Tracks\DCS-NotTacView\20260923T202540Z_807999.export.zip","4","1","FA-18C_hornet","3.057","7.925","4.868","42","3642.98","3640.18","-2.800000000000182","204.06691756154356","215.94729014812845","11.880372586584883","209.84395046633404","209.8486200192298","-0.619617406544906","3.103174603175212","1.039215686272233","-0.0023475627533002807","0.0008778064062405509","0.002851696751906826","0.028415690476190476","0.031154","2.3107536428571427","2.376305","2.4320137704967433","2.9328125787970367","steady","heuristic_ms2_v1"
"C:\Users\?seoijfowfn\Saved Games\DCS\Tracks\DCS-NotTacView\20260923T202540Z_807999.export.zip","5","1","FA-18C_hornet","4.094","8.943","4.848999999999999","42","3640.542","3641.44","0.8980000000001382","206.27250981079357","218.54848798631886","12.275978175525296","212.49828372527622","212.50039936461508","0.17951208794343357","1.7798165137610937","1.3859649122798523","-0.0016725701009931981","0.0008463818950447459","0.0031634037139783144","0.02710454761904762","0.030022","2.3390168333333334","2.382512","2.5460577545310015","3.0008548819086642","acceleration","heuristic_ms2_v1"
"C:\Users\?seoijfowfn\Saved Games\DCS\Tracks\DCS-NotTacView\20260923T202540Z_807999.export.zip","6","1","FA-18C_hornet","5.101","9.972","4.8709999999999996","42","3639.342","3643.016","3.673999999999978","208.67609679131067","221.18072743256351","12.504630641252845","214.93201599169126","214.9343168639569","0.7240591845881941","0.7629629629634492","1.633027522934712","-0.0010105828106361514","0.0007459996765476961","0.0031634037139783144","0.025838833333333335","0.028773","2.3589192142857143","2.382549","2.5888077596855745","3.09262822313802","acceleration","heuristic_ms2_v1"
"C:\Users\?seoijfowfn\Saved Games\DCS\Tracks\DCS-NotTacView\20260923T202540Z_807999.export.zip","7","1","FA-18C_hornet","6.101","10.998","4.896999999999999","43","3639.053","3644.816","5.76299999999992","211.2232352327384","223.7837410115855","12.560505778847102","217.49636211006623","217.4999619625889","1.1472749577949017","0.0","1.8349514563092357","-0.0004627024342767072","0.0007834332677880546","0.0031634037139783144","0.024358511627906976","0.027784","2.370615069767442","2.382549","2.5860724175836936","3.09262822313802","acceleration","heuristic_ms2_v1"
"C:\Users\?seoijfowfn\Saved Games\DCS\Tracks\DCS-NotTacView\20260923T202540Z_807999.export.zip","8","1","FA-18C_hornet","7.017","11.925","4.908","43","3639.4","3646.595","7.194999999999709","213.60684914612133","226.09721335979023","12.490364213668897","219.87088820814998","219.875953776783","1.4449496003542412","0.0","1.9819819819801676","0.00013890311061004468","0.0007651170368867241","0.0031634037139783144","0.022829162790697674","0.026757","2.3732388139534883","2.382549","2.571525173418655","3.09262822313802","acceleration","heuristic_ms2_v1"
"C:\Users\?seoijfowfn\Saved Games\DCS\Tracks\DCS-NotTacView\20260923T202540Z_807999.export.zip","9","1","FA-18C_hornet","8.059","12.972","4.913","43","3640.325","3648.748","8.42300000000023","216.25182321483115","228.70396391947853","12.452140704647377","222.53844023607132","222.5451010589884","1.7001314883596064","0.0","2.1176470588224885","0.0007966469275970667","0.0008209305212045102","0.0031634037139783144","0.020936348837209302","0.025353","2.3678326279069766","2.382549","2.5500930771427117","3.09262822313802","acceleration","heuristic_ms2_v1"
"C:\Users\?seoijfowfn\Saved Games\DCS\Tracks\DCS-NotTacView\20260923T202540Z_807999.export.zip","10","1","FA-18C_hornet","9.081","13.865","4.784000000000001","42","3641.635","3650.685","9.049999999999727","218.87038044130458","230.87286705046841","12.002486609163839","225.0422460264098","225.050251058324","1.8878998087261678","0.0","2.208333333332254","0.0012542188222823825","0.0008865557970990936","0.0033149290964552503","0.01905242857142857","0.02364","2.356595738095238","2.382549","2.5224611111332336","3.09262822313802","acceleration","heuristic_ms2_v1"
"C:\Users\?seoijfowfn\Saved Games\DCS\Tracks\DCS-NotTacView\20260923T202540Z_807999.export.zip","11","1","FA-18C_hornet","10.075","14.942","4.867000000000001","43","3643.188","3653.124","9.935999999999694","221.45060740213088","233.49112889896426","12.040521496833378","227.50715415019138","227.5162860661883","2.032370615130584","0.0","2.301724137929536","0.001962580266479108","0.0009580952243209564","0.0033149290964552503","0.01713620930232558","0.021848","2.3397761395348837","2.378273","2.4903618615795717","2.932271242133093","acceleration","heuristic_ms2_v1"
"C:\Users\?seoijfowfn\Saved Games\DCS\Tracks\DCS-NotTacView\20260923T202540Z_807999.export.zip","12","1","FA-18C_hornet","11.112","15.952","4.84","43","3645.027","3655.504","10.476999999999862","224.05649214584568","235.80942840514655","11.752936259300867","230.06722391956768","230.07738530882256","2.158740837069689","0.0","2.3913043478268734","0.0023338765970493114","0.001108748061367079","0.004021382160665715","0.015098302325581396","0.019919","2.319198465116279","2.366935","2.4388262977195736","2.932271242133093","steady","heuristic_ms2_v1"
"C:\Users\?seoijfowfn\Saved Games\DCS\Tracks\DCS-NotTacView\20260923T202540Z_807999.export.zip","13","1","FA-18C_hornet","12.032","16.962","4.93","43","3646.808","3657.776","10.967999999999847","226.36861130506824","234.8749177522984","8.506306447230145","232.01413865870364","232.02479486678757","2.2216278488422843","0.0","2.392523364488881","0.003100084784705359","0.0012090442549237712","0.004021382160665715","0.013227581395348837","0.018074","2.284998511627907","2.352438","1.8010095657293088","2.932271242133093","steady","heuristic_ms2_v1"
"C:\Users\?seoijfowfn\Saved Games\DCS\Tracks\DCS-NotTacView\20260923T202540Z_807999.export.zip","14","1","FA-18C_hornet","13.081","17.889","4.808","42","3648.979","3659.358","10.37900000000036","228.96447735407517","233.0601354541285","4.095658100053328","233.32682567049346","233.33694812742098","2.1601499672277376","0.0","2.392523364488881","0.0032395838244383413","0.0012809231719174122","0.004021382160665715","0.011008380952380952","0.015964","2.2331915952380954","2.33204","0.9313904463595357","2.7107631847925466","steady","heuristic_ms2_v1"
"C:\Users\?seoijfowfn\Saved Games\DCS\Tracks\DCS-NotTacView\20260923T202540Z_807999.export.zip","15","1","FA-18C_hornet","14.032","18.92","4.888000000000002","43","3651.056","3660.593","9.536999999999807","231.2229104662873","230.89397562782312","-0.32893483846416416","233.65761720920497","233.66626103678212","1.9579552250539924","0.0","2.392523364488881","0.0037588754865396368","0.0012212610758397936","0.004021382160665715","0.008987046511627907","0.014151","2.177451604651163","2.30995","0.015776925191945512","2.7107631847925466","steady","heuristic_ms2_v1"
"C:\Users\?seoijfowfn\Saved Games\DCS\Tracks\DCS-NotTacView\20260923T202540Z_807999.export.zip","16","1","FA-18C_hornet","15.05","19.912","4.861999999999998","43","3653.374","3661.357","7.983000000000175","233.7601692726757","228.7579430790703","-5.0022261936054235","233.0797741458609","233.08637076990598","1.642543449822697","0.0","2.392523364488881","0.004058226080587701","0.0013748305751052263","0.004814662049414288","0.0070065813953488374","0.012156","2.119681511627907","2.284215","-0.9483875236202831","2.6424785092759318","steady","heuristic_ms2_v1"
"C:\Users\?seoijfowfn\Saved Games\DCS\Tracks\DCS-NotTacView\20260923T202540Z_807999.export.zip","17","1","FA-18C_hornet","16.059","20.969","4.91","44","3655.76","3661.816","6.055999999999585","235.90698106428962","226.5450493230274","-9.361931741262225","231.4628474964482","231.46697299216137","1.221999899000851","0.0","2.392523364488881","0.004395225692519489","0.0014726236849566367","0.004814662049414288","0.005185749999999999","0.010281","2.0629747045454545","2.253452","-1.8745963929587626","2.4655441262066273","steady","heuristic_ms2_v1"
"C:\Users\?seoijfowfn\Saved Games\DCS\Tracks\DCS-NotTacView\20260923T202540Z_807999.export.zip","18","1","FA-18C_hornet","17.069","21.938","4.869","45","3657.985","3661.989","4.003999999999905","234.62952910328877","224.52118166821742","-10.108347435071352","229.52703094626122","229.52915315525937","0.82899690040406","0.0","1.9532710280400816","0.004143908723676759","0.0016711424592811225","0.00509071389138797","0.0038280444444444444","0.006833","2.0313464666666667","2.097936","-2.087640937657963","2.4655441262066273","steady","heuristic_ms2_v1"
"C:\Users\?seoijfowfn\Saved Games\DCS\Tracks\DCS-NotTacView\20260923T202540Z_807999.export.zip","19","1","FA-18C_hornet","18.013","22.943","4.93","46","3659.534","3661.976","2.4420000000000073","232.80868081916776","222.4603973657165","-10.348283453451273","227.56852578397908","227.56950324941326","0.5105107341544095","0.08928571428360146","1.4193548387090933","0.004379348466841293","0.0016168347790429802","0.00509071389138797","0.0028917391304347827","0.005555","2.018567391304348","2.059934","-2.1028780773798093","2.4655441262066273","steady","heuristic_ms2_v1"
"C:\Users\?seoijfowfn\Saved Games\DCS\Tracks\DCS-NotTacView\20260923T202540Z_807999.export.zip","20","1","FA-18C_hornet","19.071","23.971","4.899999999999999","46","3660.734","3661.797","1.0630000000001019","230.59223760555872","220.37906632586882","-10.213171279689902","225.49584245048743","225.49621816949082","0.2409324816105288","0.2380952380961033","0.9337748344375932","0.004382320553474983","0.0016025613003525676","0.00509071389138797","0.001935695652173913","0.0042","2.0121720434782606","2.030083","-2.0875256918345397","2.4655441262066273","steady","heuristic_ms2_v1"
"C:\Users\?seoijfowfn\Saved Games\DCS\Tracks\DCS-NotTacView\20260923T202540Z_807999.export.zip","21","1","FA-18C_hornet","20.023","24.996","4.972999999999999","46","3661.421","3661.475","0.05400000000008731","228.5340244803928","218.35440396048048","-10.179620519912305","223.4605961605952","223.46076597526874","0.03044026806758872","0.37500000000206674","0.5765765765752294","0.00474760984468503","0.0015605461486190746","0.00509071389138797","0.0013641086956521738","0.003296","2.0122078260869567","2.025905","-2.0543632339818148","2.342285915547681","steady","heuristic_ms2_v1"
"C:\Users\?seoijfowfn\Saved Games\DCS\Tracks\DCS-NotTacView\20260923T202540Z_807999.export.zip","22","1","FA-18C_hornet","21.085","25.951","4.866","44","3661.848","3661.056","-0.7919999999999163","226.31101634711763","216.5082946383164","-9.802721708801215","221.41017932365514","221.41034063984304","-0.14720930374105853","0.4951456310672827","0.27586206896683524","0.004678974786259005","0.0014551309451411732","0.00509071389138797","0.0010875","0.002246","2.0159869772727275","2.033922","-2.027492694570745","2.420440227275362","steady","heuristic_ms2_v1"
"C:\Users\?seoijfowfn\Saved Games\DCS\Tracks\DCS-NotTacView\20260923T202540Z_807999.export.zip","23","1","FA-18C_hornet","22.048","26.904","4.856000000000002","43","3661.997","3660.529","-1.4679999999998472","224.2977487373495","214.7066383940791","-9.591110343270401","219.4724564407125","219.47273851886345","-0.2907352612558029","0.6037735849042438","0.07272727272555334","0.004965333038228437","0.0013369266335846845","0.003665934977166106","0.001187046511627907","0.002816","2.0222128139534883","2.04178","-1.9944018100441119","2.4935340759083857","steady","heuristic_ms2_v1"
"C:\Users\?seoijfowfn\Saved Games\DCS\Tracks\DCS-NotTacView\20260923T202540Z_807999.export.zip","24","1","FA-18C_hornet","23.075","27.966","4.891000000000002","44","3661.962","3659.812","-2.150000000000091","222.21180050391817","212.73456152979148","-9.477238974126692","217.34421605743748","217.34473340264773","-0.4348774729162899","0.7281553398084634","0.0","0.005010588478228328","0.0014105488177831602","0.003665934977166106","0.0017211590909090907","0.00373","2.030574568181818","2.050168","-1.949645669673625","2.4935340759083857","steady","heuristic_ms2_v1"
"C:\Users\?seoijfowfn\Saved Games\DCS\Tracks\DCS-NotTacView\20260923T202540Z_807999.export.zip","25","1","FA-18C_hornet","24.108","28.894","4.785999999999998","43","3661.762","3659.073","-2.6890000000003056","220.1376404024648","211.06230911408088","-9.075331288383921","215.48898306651216","215.48977584465285","-0.5562100994193075","0.8487394957992687","0.0","0.00507177238694112","0.0014168971789609648","0.003665934977166106","0.0024975581395348836","0.00456","2.0383636279069766","2.057177","-1.9072593218755327","2.4935340759083857","steady","heuristic_ms2_v1"
"C:\Users\?seoijfowfn\Saved Games\DCS\Tracks\DCS-NotTacView\20260923T202540Z_807999.export.zip","26","1","FA-18C_hornet","25.115","29.899","4.7840000000000025","43","3661.429","3658.156","-3.2730000000001382","218.13718477593568","209.26741612019785","-8.869768655737829","213.56920422957208","213.57036363717876","-0.6810569833672857","0.9646017699108322","0.0","0.0054681427901641655","0.0014213862808104673","0.003665934977166106","0.003374279069767442","0.00545","2.0465196279069766","2.06442","-1.8653573518683884","2.4935340759083857","steady","heuristic_ms2_v1"
"C:\Users\?seoijfowfn\Saved Games\DCS\Tracks\DCS-NotTacView\20260923T202540Z_807999.export.zip","27","1","FA-18C_hornet","26.061","30.926","4.864999999999998","44","3661.001","3657.091","-3.9100000000003092","216.304211854594","207.47862484961573","-8.825587004978274","211.8049290916388","211.80651027847327","-0.7977789683545204","1.0924369747908351","0.0","0.005387398023856349","0.0013109602110468266","0.003250104513578456","0.004211659090909091","0.006344","2.0539117045454542","2.071604","-1.823941131671689","2.4935340759083857","steady","heuristic_ms2_v1"
"C:\Users\?seoijfowfn\Saved Games\DCS\Tracks\DCS-NotTacView\20260923T202540Z_807999.export.zip","28","1","FA-18C_hornet","27.01","31.989","4.978999999999999","45","3660.463","3655.853","-4.610000000000127","214.50702599892395","205.6529971012966","-8.854028897627359","210.07797563923748","210.08005405602097","-0.9147573263869639","1.225225225224923","0.0","0.005944979009200324","0.0013420055503003884","0.003250104513578456","0.005053466666666667","0.00726","2.061006488888889","2.078732","-1.7881280762634864","2.1717160797872834","steady","heuristic_ms2_v1"
"C:\Users\?seoijfowfn\Saved Games\DCS\Tracks\DCS-NotTacView\20260923T202540Z_807999.export.zip","29","1","FA-18C_hornet","28.086","32.888","4.802","43","3659.722","3654.699","-5.023000000000138","212.53017407822176","204.13651096730882","-8.39366311091294","208.27326160907103","208.275936275742","-1.0390668390089126","1.3269230769223175","0.0","0.0058150646867716205","0.0013980992573974283","0.003562794455968353","0.005940976744186047","0.007982","2.0683078139534885","2.08462","-1.7547957084259758","2.1717160797872834","steady","heuristic_ms2_v1"
"C:\Users\?seoijfowfn\Saved Games\DCS\Tracks\DCS-NotTacView\20260923T202540Z_807999.export.zip","30","1","FA-18C_hornet","29.008","33.976","4.968","44","3658.976","3653.17","-5.80600000000004","210.85444916055647","202.3536240855235","-8.500825075032964","206.5857028741052","206.58903856826836","-1.158034191712371","1.4661016949133165","0.0","0.006023992541486223","0.0014562829528643809","0.00383469501283732","0.0067824318181818185","0.008929","2.075012","2.091618","-1.722833885533669","2.042949390212014","steady","heuristic_ms2_v1"
"C:\Users\?seoijfowfn\Saved Games\DCS\Tracks\DCS-NotTacView\20260923T202540Z_807999.export.zip","31","1","FA-18C_hornet","30.014","34.953","4.939000000000004","43","3658.043","3651.676","-6.367000000000189","209.06606460505512","200.75807084193283","-8.307993763122283","204.8978495164176","204.90193212917413","-1.2791151904043507","1.588235294120155","0.0","0.006305895400146255","0.0014247142638712873","0.00383469501283732","0.007637162790697675","0.009762","2.081673813953488","2.097878","-1.694793150580365","2.042949390212014","steady","heuristic_ms2_v1"
"C:\Users\?seoijfowfn\Saved Games\DCS\Tracks\DCS-NotTacView\20260923T202540Z_807999.export.zip","32","1","FA-18C_hornet","31.069","35.899","4.830000000000002","41","3656.933","3650.121","-6.811999999999898","207.2534641973472","199.27698931122578","-7.976474886121423","203.32041587756137","203.32527723623951","-1.3935782939829027","1.6893939393936357","0.0","0.006213329437571247","0.001464220672197145","0.00383469501283732","0.008447951219512195","0.010585","2.0878872682926826","2.10392","-1.6662658327923432","2.047408249049788","steady","heuristic_ms2_v1"
"C:\Users\?seoijfowfn\Saved Games\DCS\Tracks\DCS-NotTacView\20260923T202540Z_807999.export.zip","33","1","FA-18C_hornet","32.091","36.944","4.8530000000000015","41","3655.727","3648.28","-7.446999999999662","205.47268590773348","197.6296935546719","-7.8429923530615895","201.54701322128423","201.55286775752265","-1.5241816516748157","1.8189655172395343","0.0","0.006571217660791717","0.0015633070147407359","0.004141984236047657","0.009375926829268293","0.011514","2.0949075609756096","2.110703","-1.6345398610942095","2.047408249049788","steady","heuristic_ms2_v1"
"C:\Users\?seoijfowfn\Saved Games\DCS\Tracks\DCS-NotTacView\20260923T202540Z_807999.export.zip","34","1","FA-18C_hornet","33.004","37.977","4.972999999999999","42","3654.542","3646.335","-8.20699999999988","203.95401019625842","196.03586447859988","-7.918145717658547","199.8905842809512","199.8974693422929","-1.647422152701764","1.9351851851836896","0.0","0.006751640664788283","0.0015876758315874775","0.004141984236047657","0.010277404761904762","0.012428","2.1015704285714287","2.117431","-1.6050954908879238","2.047408249049788","steady","heuristic_ms2_v1"
"C:\Users\?seoijfowfn\Saved Games\DCS\Tracks\DCS-NotTacView\20260923T202540Z_807999.export.zip","35","1","FA-18C_hornet","34.094","38.979","4.884999999999998","42","3652.996","3644.33","-8.666000000000167","202.16114554739946","194.52092063497918","-7.64022491242028","198.1841536784149","198.1921962681307","-1.7752375171644004","2.056074766357533","0.0","0.007038421166441822","0.0018006982302122266","0.005071164392812292","0.011213380952380952","0.013206","2.1085611190476192","2.124046","-1.575600885831219","2.047408249049788","steady","heuristic_ms2_v1"
"C:\Users\?seoijfowfn\Saved Games\DCS\Tracks\DCS-NotTacView\20260923T202540Z_807999.export.zip","36","1","FA-18C_hornet","35.066","39.917","4.850999999999999","41","3651.496","3642.35","-9.146000000000186","200.58705951277616","193.1548187246682","-7.4322407881079755","196.7881553549873","196.7972239757472","-1.8803365243475634","2.1517241379302856","0.0","0.006975275485274324","0.0018691800840541833","0.005071164392812292","0.01197890243902439","0.013958","2.1144240243902437","2.130309","-1.5440853265660797","2.047408249049788","steady","heuristic_ms2_v1"
"C:\Users\?seoijfowfn\Saved Games\DCS\Tracks\DCS-NotTacView\20260923T202540Z_807999.export.zip","37","1","FA-18C_hornet","36.002","40.975","4.972999999999999","43","3649.945","3639.997","-9.94800000000032","199.0914894393252","191.57490095906795","-7.516588480257241","195.31828461515633","195.3285360239219","-1.9919718870619063","2.2772277227724778","0.0","0.007420871316128341","0.0019177372594098433","0.005071164392812292","0.012788465116279069","0.014847","2.120778930232558","2.137488","-1.5317930981448826","1.944496742597191","steady","heuristic_ms2_v1"
"C:\Users\?seoijfowfn\Saved Games\DCS\Tracks\DCS-NotTacView\20260923T202540Z_807999.export.zip","38","1","FA-18C_hornet","37.062","41.974","4.911999999999999","43","3648.064","3637.661","-10.402999999999793","197.44803421554676","190.1468578548708","-7.301176360675953","193.7311801863648","193.74279418075128","-2.1127557238313575","2.3859649122801856","0.0","0.007643022411286893","0.0019258640413630514","0.005071164392812292","0.013672348837209301","0.015704","2.1278325581395348","2.144418","-1.4993386850083639","1.944496742597191","steady","heuristic_ms2_v1"
"C:\Users\?seoijfowfn\Saved Games\DCS\Tracks\DCS-NotTacView\20260923T202540Z_807999.export.zip","39","1","FA-18C_hornet","38.09","42.874","4.783999999999999","42","3646.114","3635.463","-10.65099999999984","195.86707643227885","188.8708216580716","-6.9962547742072445","192.2714220321538","192.28437593537012","-2.2243346227511447","2.4867256637163733","0.0","0.007409617418886683","0.002150383107633653","0.005242497158625067","0.014485833333333333","0.016466","2.134513904761905","2.150747","-1.473581062284794","1.944496742597191","steady","heuristic_ms2_v1"
"C:\Users\?seoijfowfn\Saved Games\DCS\Tracks\DCS-NotTacView\20260923T202540Z_807999.export.zip","40","1","FA-18C_hornet","39.096","43.906","4.810000000000002","41","3644.088","3632.835","-11.253000000000156","194.35348188529113","187.42074099296562","-6.932740892325512","190.80739903999802","190.82178540383813","-2.3364852248470704","2.5999999999975985","0.0","0.007605048751202048","0.001978886722676373","0.005242497158625067","0.015321512195121952","0.017321","2.1414485609756095","2.158134","-1.4581980605927833","1.944496742597191","steady","heuristic_ms2_v1"
"C:\Users\?seoijfowfn\Saved Games\DCS\Tracks\DCS-NotTacView\20260923T202540Z_807999.export.zip","41","1","FA-18C_hornet","40.019","44.924","4.905000000000001","43","3642.128","3630.13","-11.998000000000047","192.97260955001585","186.05076479328704","-6.921844756728802","189.46518587707365","189.48098333366823","-2.4398357055148776","2.706293706291709","0.0","0.007876225362338118","0.0021782594123906825","0.00541217326701005","0.01610953488372093","0.018141","2.148026418604651","2.165573","-1.434017234227141","1.944496742597191","steady","heuristic_ms2_v1"
"C:\Users\?seoijfowfn\Saved Games\DCS\Tracks\DCS-NotTacView\20260923T202540Z_807999.export.zip","42","1","FA-18C_hornet","41.08","46.0","4.920000000000002","43","3639.757","3627.18","-12.577000000000226","191.42532233815922","185.27535640243212","-6.149965935727096","188.04545647998276","188.06279562115205","-2.5476237237100468","2.7565217391304504","0.0","0.008657679188161183","0.002269986901116511","0.00541217326701005","0.0169593488372093","0.018723","2.1594008372093025","2.224389","-1.262596117359696","1.8429867274407274","steady","heuristic_ms2_v1"
"C:\Users\?seoijfowfn\Saved Games\DCS\Tracks\DCS-NotTacView\20260923T202540Z_807999.export.zip","43","1","FA-18C_hornet","42.079","46.997","4.917999999999999","43","3637.409","3624.606","-12.802999999999884","189.99088285614692","186.4400016160718","-3.550881240075114","186.99993122125326","187.01803486221633","-2.5988296564294093","2.7565217391304504","0.0","0.008687658208657467","0.002223221023003711","0.00541217326701005","0.017533232558139534","0.018723","2.1920548139534883","2.355405","-0.7202294505578205","1.9503693046478334","steady","heuristic_ms2_v1"
"C:\Users\?seoijfowfn\Saved Games\DCS\Tracks\DCS-NotTacView\20260923T202540Z_807999.export.zip","44","1","FA-18C_hornet","43.011","47.976","4.964999999999996","44","3635.121","3622.54","-12.581000000000131","188.69380081708422","188.5893580088075","-0.10444280827672969","186.66796370076108","186.68525732974803","-2.5292513724832735","2.7565217391304504","0.0","0.00870494155299184","0.002091131919274573","0.00541217326701005","0.017552977272727272","0.018723","2.241363340909091","2.416041","0.0005906264624501785","2.6863216764130766","steady","heuristic_ms2_v1"
"C:\Users\?seoijfowfn\Saved Games\DCS\Tracks\DCS-NotTacView\20260923T202540Z_807999.export.zip","45","1","FA-18C_hornet","44.018","48.924","4.905999999999999","44","3632.543","3621.059","-11.483999999999924","187.27299392502766","191.4299382933163","4.1569443682886345","187.04325939504204","187.05859758484564","-2.3505357034681715","2.7565217391304504","0.0","0.008329293238375612","0.0021142776664767626","0.00541217326701005","0.01746834090909091","0.018723","2.2917405681818184","2.442776","0.8072549134255969","3.5029483832660797","steady","heuristic_ms2_v1"
"C:\Users\?seoijfowfn\Saved Games\DCS\Tracks\DCS-NotTacView\20260923T202540Z_807999.export.zip","46","1","FA-18C_hornet","45.038","49.977","4.939","44","3629.821","3620.02","-9.80099999999993","185.87558476460555","195.16224666080268","9.286661896197131","188.4363898545671","188.4483967606756","-2.0099961095820364","2.7565217391304504","0.0","0.008731716057354788","0.0019393243620568655","0.0049354927228889515","0.017397977272727273","0.018723","2.351329431818182","2.460723","1.8180265246806877","4.162347792573027","steady","heuristic_ms2_v1"
"C:\Users\?seoijfowfn\Saved Games\DCS\Tracks\DCS-NotTacView\20260923T202540Z_807999.export.zip","47","1","FA-18C_hornet","46.0","50.965","4.965000000000003","44","3627.18","3619.613","-7.567000000000007","185.27535640243212","199.36308184862435","14.087725446192223","190.62229085543638","190.63070175178498","-1.5861399277420813","2.7387387387395967","0.0","0.008640763201810842","0.001934938230190065","0.0049354927228889515","0.017419272727272728","0.019222","2.402565727272727","2.469237","2.758295573012176","5.959305008256413","acceleration","heuristic_ms2_v1"
"C:\Users\?seoijfowfn\Saved Games\DCS\Tracks\DCS-NotTacView\20260923T202540Z_807999.export.zip","48","1","FA-18C_hornet","47.099","51.934","4.835000000000001","42","3624.366","3619.728","-4.63799999999992","186.63105503576716","203.6859063895887","17.054851353821533","193.9188326020194","193.92332585254994","-1.018611341937678","2.3529411764729815","0.3421052631597859","0.009004743384593894","0.0019997675972619486","0.0049354927228889515","0.017762190476190477","0.020753","2.4423458095238098","2.471139","3.5051697334118046","5.959305008256413","acceleration","heuristic_ms2_v1"
"C:\Users\?seoijfowfn\Saved Games\DCS\Tracks\DCS-NotTacView\20260923T202540Z_807999.export.zip","49","1","FA-18C_hornet","48.09","52.984","4.893999999999998","42","3622.334","3620.401","-1.9329999999999927","188.9004110700113","208.71533220041707","19.814921130405764","197.96405167664943","197.9661853790179","-0.42783570365089424","1.8070175438607294","0.8807339449541476","0.009527050884173605","0.00196109809030823","0.004095667619415273","0.01891490476190476","0.022565","2.458396714285714","2.471139","4.069275458692796","5.959305008256413","acceleration","heuristic_ms2_v1"
"C:\Users\?seoijfowfn\Saved Games\DCS\Tracks\DCS-NotTacView\20260923T202540Z_807999.export.zip","50","1","FA-18C_hornet","49.047","53.925","4.878","42","3620.905","3621.459","0.5539999999996326","191.83411761358786","213.3923321087542","21.55821449516634","202.00343551285235","202.00490518850117","0.08452918865596643","1.2520325203251985","1.321739130435221","0.010031053007367063","0.002073039217879627","0.004095667619415273","0.020252","0.024232","2.463817071428571","2.471139","4.454971337138209","6.26130172805673","acceleration","heuristic_ms2_v1"
"C:\Users\?seoijfowfn\Saved Games\DCS\Tracks\DCS-NotTacView\20260923T202540Z_807999.export.zip","51","1","FA-18C_hornet","50.132","54.92","4.788000000000004","42","3619.92","3623.013","3.092999999999847","195.78854405871493","218.49070027185306","22.702156213138124","206.87588729832996","206.87801112186102","0.6314330529343591","0.6451612903219891","1.747747747747321","0.010272985303402038","0.0021745161165411747","0.004095667619415273","0.02193011904761905","0.02612","2.462233452380952","2.471139","4.787152881767798","6.26130172805673","acceleration","heuristic_ms2_v1"
"C:\Users\?seoijfowfn\Saved Games\DCS\Tracks\DCS-NotTacView\20260923T202540Z_807999.export.zip","52","1","FA-18C_hornet","51.07","55.977","4.9069999999999965","43","3619.601","3625.113","5.511999999999716","199.8105432206853","223.9017093157424","24.091166095057105","211.66723221020976","211.67107382229509","1.1076037436013764","0.11428571428301519","2.161073825501175","0.010817246154033455","0.002272714443455785","0.0049950789358733285","0.023661418604651163","0.028267","2.4534912790697674","2.471139","4.941745487888747","6.26130172805673","acceleration","heuristic_ms2_v1"
"C:\Users\?seoijfowfn\Saved Games\DCS\Tracks\DCS-NotTacView\20260923T202540Z_807999.export.zip","53","1","FA-18C_hornet","52.04","56.979","4.939","44","3619.771","3627.481","7.710000000000036","204.19870603708583","229.2790088405779","25.08030280349206","216.58431378897595","216.59057322559056","1.5428058347671105","0.0","2.508474576273485","0.01139203270258804","0.0022856408895071366","0.0049950789358733285","0.025490363636363634","0.030405","2.43769325","2.470806","5.099738974262493","6.26130172805673","acceleration","heuristic_ms2_v1"
"C:\Users\?seoijfowfn\Saved Games\DCS\Tracks\DCS-NotTacView\20260923T202540Z_807999.export.zip","54","1","FA-18C_hornet","53.101","57.907","4.805999999999997","43","3620.509","3629.95","9.440999999999804","209.2713364176552","234.25586736602932","24.98453094837413","221.6073520852475","221.61638569118958","1.9409534153170067","0.0","2.7663551401852677","0.011296822105180127","0.002363849053592181","0.0049950789358733285","0.027390976744186047","0.032329","2.4146147441860464","2.465038","5.213564689055093","6.26130172805673","acceleration","heuristic_ms2_v1"
"C:\Users\?seoijfowfn\Saved Games\DCS\Tracks\DCS-NotTacView\20260923T202540Z_807999.export.zip","55","1","FA-18C_hornet","54.031","58.953","4.922000000000004","44","3621.604","3632.981","11.377000000000407","213.94977397794165","239.7231836818099","25.773409703868253","226.67206458964617","226.68395103945358","2.2840938625356904","0.0","2.993788819878395","0.0120418588290363","0.002452804906027801","0.0049950789358733285","0.029380272727272727","0.034775","2.3825446136363637","2.453852","5.26103612138193","5.949300414847883","acceleration","heuristic_ms2_v1"
"C:\Users\?seoijfowfn\Saved Games\DCS\Tracks\DCS-NotTacView\20260923T202540Z_807999.export.zip","56","1","FA-18C_hornet","55.03","59.974","4.9439999999999955","44","3623.211","3636.159","12.94800000000032","219.06237994221593","245.29198023415526","26.229600291939335","232.12327534593635","232.13807990389031","2.6011963376147715","0.0","3.194029850745561","0.012590778413937187","0.0025434110436314793","0.0049950789358733285","0.03155181818181818","0.036815","2.34166675","2.435291","5.334415683275664","6.549487556455906","acceleration","heuristic_ms2_v1"
"C:\Users\?seoijfowfn\Saved Games\DCS\Tracks\DCS-NotTacView\20260923T202540Z_807999.export.zip","57","1","FA-18C_hornet","56.095","60.953","4.858000000000004","43","3625.373","3639.36","13.98700000000008","224.60334822208355","250.56247783128026","25.959129609196708","237.35884596099078","237.37614140605513","2.8554589873518372","0.0","3.3065693430654965","0.012868763513324666","0.0026448544410985113","0.004423479784887166","0.03366544186046511","0.039177","2.2945347209302325","2.407192","5.396083162977319","6.549487556455906","acceleration","heuristic_ms2_v1"
"C:\Users\?seoijfowfn\Saved Games\DCS\Tracks\DCS-NotTacView\20260923T202540Z_807999.export.zip","58","1","FA-18C_hornet","57.098","61.949","4.850999999999999","43","3627.784","3642.627","14.842999999999847","229.90800290960465","256.00634099679246","26.098338087187813","242.9352494755718","242.9544054145664","3.047152144192167","0.0","3.3148148148123133","0.013454080800840984","0.0027566367059923234","0.0054648503052587985","0.03602220930232558","0.042026","2.229193651162791","2.369253","5.421889668433847","6.549487556455906","acceleration","heuristic_ms2_v1"
